index_name,date,close_value
Nifty 50,2022-01-03,17000.0
Nifty 50,2022-01-04,16743.22132212669
Nifty 50,2022-01-05,16860.01971663751
Nifty 50,2022-01-06,16780.682721561436
Nifty 50,2022-01-07,16414.74545970247
Nifty 50,2022-01-10,16430.08051663904
Nifty 50,2022-01-11,16335.909335901017
Nifty 50,2022-01-12,16075.714463371763
Nifty 50,2022-01-13,15918.75691086696
Nifty 50,2022-01-14,15745.82551047892
Nifty 50,2022-01-17,15542.861525696226
Nifty 50,2022-01-18,15611.338472758238
Nifty 50,2022-01-19,15438.476897773848
Nifty 50,2022-01-20,15450.230131221257
Nifty 50,2022-01-21,15512.323137748008
Nifty 50,2022-01-24,15572.87077316769
Nifty 50,2022-01-25,15587.277934618176
Nifty 50,2022-01-26,15630.803293497494
Nifty 50,2022-01-27,15801.20913875104
Nifty 50,2022-01-28,16057.644203901946
Nifty 50,2022-01-31,15983.045201004346
Nifty 50,2022-02-01,16014.339619999138
Nifty 50,2022-02-02,16050.77253469647
Nifty 50,2022-02-03,15946.174186908098
Nifty 50,2022-02-04,15857.048208253556
Nifty 50,2022-02-07,15821.53042920481
Nifty 50,2022-02-08,15776.23869752596
Nifty 50,2022-02-09,15756.92313371492
Nifty 50,2022-02-10,15935.501311889984
Nifty 50,2022-02-11,16077.822886687094
Nifty 50,2022-02-14,16232.193807737794
Nifty 50,2022-02-15,16255.831319050953
Nifty 50,2022-02-16,16235.798238192672
Nifty 50,2022-02-17,16046.954396985237
Nifty 50,2022-02-18,16128.5346781167
Nifty 50,2022-02-21,15983.881784233849
Nifty 50,2022-02-22,16118.800295668272
Nifty 50,2022-02-23,16207.867695888974
Nifty 50,2022-02-24,16194.875961400874
Nifty 50,2022-02-25,16041.513524299016
Nifty 50,2022-02-28,16065.580778544716
Nifty 50,2022-03-01,16325.929244880275
Nifty 50,2022-03-02,16267.434011591227
Nifty 50,2022-03-03,15972.861538893374
Nifty 50,2022-03-04,15750.85668666236
Nifty 50,2022-03-07,15778.362720038824
Nifty 50,2022-03-08,15734.317530075536
Nifty 50,2022-03-09,15687.979627457413
Nifty 50,2022-03-10,15751.017742136735
Nifty 50,2022-03-11,15773.334826354938
Nifty 50,2022-03-14,15874.879434865454
Nifty 50,2022-03-15,15956.318486508657
Nifty 50,2022-03-16,15681.94166698974
Nifty 50,2022-03-17,15561.163720070925
Nifty 50,2022-03-18,15688.497203096502
Nifty 50,2022-03-21,15625.261722257776
Nifty 50,2022-03-22,15472.859507955409
Nifty 50,2022-03-23,15456.053147374736
Nifty 50,2022-03-24,15596.493897493716
Nifty 50,2022-03-25,15781.85709067435
Nifty 50,2022-03-28,15886.349641021134
Nifty 50,2022-03-29,15894.207520140322
Nifty 50,2022-03-30,15800.46090457615
Nifty 50,2022-03-31,15784.012661198249
Nifty 50,2022-04-01,15889.041503367323
Nifty 50,2022-04-04,15788.455290733013
Nifty 50,2022-04-05,15956.057645639725
Nifty 50,2022-04-06,15815.597934223111
Nifty 50,2022-04-07,15999.318242258854
Nifty 50,2022-04-08,16032.08084962882
Nifty 50,2022-04-11,16216.578090141442
Nifty 50,2022-04-12,15996.534754619788
Nifty 50,2022-04-13,16392.794791998913
Nifty 50,2022-04-14,16446.96055257249
Nifty 50,2022-04-15,16746.951791727533
Nifty 50,2022-04-18,16441.57225359897
Nifty 50,2022-04-19,16491.747503710787
Nifty 50,2022-04-20,16405.69977037031
Nifty 50,2022-04-21,16508.818323662203
Nifty 50,2022-04-22,16641.44267487797
Nifty 50,2022-04-25,16571.293977701018
Nifty 50,2022-04-26,16198.450021182838
Nifty 50,2022-04-27,16277.840337359372
Nifty 50,2022-04-28,16274.318574647248
Nifty 50,2022-04-29,16589.854279544983
Nifty 50,2022-05-02,16693.221430369398
Nifty 50,2022-05-03,16469.29287260902
Nifty 50,2022-05-04,16396.123189083293
Nifty 50,2022-05-05,16098.001620958576
Nifty 50,2022-05-06,16161.225121451109
Nifty 50,2022-05-09,16343.812713876388
Nifty 50,2022-05-10,16448.265058973837
Nifty 50,2022-05-11,16240.511082903524
Nifty 50,2022-05-12,16124.222615644449
Nifty 50,2022-05-13,15943.25864738958
Nifty 50,2022-05-16,15807.921056508789
Nifty 50,2022-05-17,15857.522790468902
Nifty 50,2022-05-18,15961.373974448225
Nifty 50,2022-05-19,16163.645299852884
Nifty 50,2022-05-20,15924.803568045538
Nifty 50,2022-05-23,16327.743616115502
Nifty 50,2022-05-24,16571.9710741267
Nifty 50,2022-05-25,16517.30053506324
Nifty 50,2022-05-26,16595.689222161647
Nifty 50,2022-05-27,16431.220910588007
Nifty 50,2022-05-30,16136.780997403044
Nifty 50,2022-05-31,15935.934240109193
Nifty 50,2022-06-01,15827.565489245142
Nifty 50,2022-06-02,15931.814456824728
Nifty 50,2022-06-03,15986.25276593026
Nifty 50,2022-06-06,15888.61258440379
Nifty 50,2022-06-07,16004.18876908129
Nifty 50,2022-06-08,16254.359802347468
Nifty 50,2022-06-09,16411.496024439744
Nifty 50,2022-06-10,16213.435263777345
Nifty 50,2022-06-13,16207.091827911769
Nifty 50,2022-06-14,16142.672784004628
Nifty 50,2022-06-15,15908.521016194776
Nifty 50,2022-06-16,15765.774199814185
Nifty 50,2022-06-17,15739.499968009428
Nifty 50,2022-06-20,15688.98304733854
Nifty 50,2022-06-21,15581.51500478964
Nifty 50,2022-06-22,15626.858727223367
Nifty 50,2022-06-23,15428.895440002883
Nifty 50,2022-06-24,15674.4610518871
Nifty 50,2022-06-27,15761.352050504904
Nifty 50,2022-06-28,15745.802696268893
Nifty 50,2022-06-29,15579.66703590609
Nifty 50,2022-06-30,15317.558054387013
Nifty 50,2022-07-01,15067.466699157076
Nifty 50,2022-07-04,15181.170667690489
Nifty 50,2022-07-05,15209.245783332011
Nifty 50,2022-07-06,15352.688964878553
Nifty 50,2022-07-07,15303.326187471554
Nifty 50,2022-07-08,15195.863801065256
Nifty 50,2022-07-11,15363.880756429977
Nifty 50,2022-07-12,15294.512179340576
Nifty 50,2022-07-13,15057.411263073014
Nifty 50,2022-07-14,15129.466510110064
Nifty 50,2022-07-15,15089.805433000878
Nifty 50,2022-07-18,15201.410250811272
Nifty 50,2022-07-19,15107.245702615815
Nifty 50,2022-07-20,15112.143532449876
Nifty 50,2022-07-21,14922.716877683924
Nifty 50,2022-07-22,14895.443613214717
Nifty 50,2022-07-25,15023.595848707337
Nifty 50,2022-07-26,14860.89445013224
Nifty 50,2022-07-27,14816.974647258185
Nifty 50,2022-07-28,14915.116289027665
Nifty 50,2022-07-29,15044.693942911092
Nifty 50,2022-08-01,14975.014703445
Nifty 50,2022-08-02,15269.228580569015
Nifty 50,2022-08-03,15458.60328735878
Nifty 50,2022-08-04,15315.659317911315
Nifty 50,2022-08-05,15327.566012858331
Nifty 50,2022-08-08,15148.84430894256
Nifty 50,2022-08-09,15129.270163709774
Nifty 50,2022-08-10,15250.097904681656
Nifty 50,2022-08-11,15367.795039112394
Nifty 50,2022-08-12,15384.550693005676
Nifty 50,2022-08-15,15364.1079315791
Nifty 50,2022-08-16,15241.228818409343
Nifty 50,2022-08-17,15098.01065505632
Nifty 50,2022-08-18,14980.380419359157
Nifty 50,2022-08-19,14773.31472550555
Nifty 50,2022-08-22,14594.653474391976
Nifty 50,2022-08-23,14633.138558857623
Nifty 50,2022-08-24,14371.011976441592
Nifty 50,2022-08-25,14187.403940507324
Nifty 50,2022-08-26,14413.116046931384
Nifty 50,2022-08-29,14557.102524671727
Nifty 50,2022-08-30,14598.23550597499
Nifty 50,2022-08-31,14515.593913767503
Nifty 50,2022-09-01,14408.637879806562
Nifty 50,2022-09-02,14347.29122204111
Nifty 50,2022-09-05,14219.342422190068
Nifty 50,2022-09-06,14288.78788574759
Nifty 50,2022-09-07,14359.818717349925
Nifty 50,2022-09-08,14461.569186717355
Nifty 50,2022-09-09,14381.022285710456
Nifty 50,2022-09-12,14318.530434469812
Nifty 50,2022-09-13,14240.271226771618
Nifty 50,2022-09-14,14252.49045743314
Nifty 50,2022-09-15,14327.421583612626
Nifty 50,2022-09-16,14235.994111565797
Nifty 50,2022-09-19,14142.178688694914
Nifty 50,2022-09-20,14280.722905557868
Nifty 50,2022-09-21,14372.760095980551
Nifty 50,2022-09-22,14256.753916142245
Nifty 50,2022-09-23,14188.759259511762
Nifty 50,2022-09-26,14167.060517347589
Nifty 50,2022-09-27,14350.793987317413
Nifty 50,2022-09-28,14335.297074988415
Nifty 50,2022-09-29,14167.15830424908
Nifty 50,2022-09-30,14105.592738386387
Nifty 50,2022-10-03,14079.66950494836
Nifty 50,2022-10-04,14490.57452096098
Nifty 50,2022-10-05,14416.713527788112
Nifty 50,2022-10-06,14425.868454759384
Nifty 50,2022-10-07,14500.135793299703
Nifty 50,2022-10-10,14552.953500482392
Nifty 50,2022-10-11,14726.984275515444
Nifty 50,2022-10-12,14824.540177373514
Nifty 50,2022-10-13,14863.196051603922
Nifty 50,2022-10-14,14955.444424321366
Nifty 50,2022-10-17,14829.008778346424
Nifty 50,2022-10-18,14560.246072666509
Nifty 50,2022-10-19,14580.465229476726
Nifty 50,2022-10-20,14618.478456382643
Nifty 50,2022-10-21,14354.56251535699
Nifty 50,2022-10-24,14368.482992856218
Nifty 50,2022-10-25,14486.187744197015
Nifty 50,2022-10-26,14530.287894448333
Nifty 50,2022-10-27,14633.798469685084
Nifty 50,2022-10-28,14571.428784477675
Nifty 50,2022-10-31,14731.848915915658
Nifty 50,2022-11-01,14614.29218269323
Nifty 50,2022-11-02,14620.302981132403
Nifty 50,2022-11-03,14914.58172549006
Nifty 50,2022-11-04,14785.855472418223
Nifty 50,2022-11-07,15056.080603620272
Nifty 50,2022-11-08,15404.897784645773
Nifty 50,2022-11-09,15177.92738572691
Nifty 50,2022-11-10,15295.00464477651
Nifty 50,2022-11-11,15310.970814164642
Nifty 50,2022-11-14,15259.464871521292
Nifty 50,2022-11-15,15060.70163916487
Nifty 50,2022-11-16,15132.870460780396
Nifty 50,2022-11-17,15021.770420195831
Nifty 50,2022-11-18,15024.440245278463
Nifty 50,2022-11-21,15159.104034397064
Nifty 50,2022-11-22,15213.072599799578
Nifty 50,2022-11-23,15233.718641320873
Nifty 50,2022-11-24,15020.384790502672
Nifty 50,2022-11-25,15115.154011351511
Nifty 50,2022-11-28,14959.781302753398
Nifty 50,2022-11-29,14880.013139106855
Nifty 50,2022-11-30,14999.066905585032
Nifty 50,2022-12-01,14991.514688626745
Nifty 50,2022-12-02,15256.936067733586
Nifty 50,2022-12-05,15203.897988444342
Nifty 50,2022-12-06,15285.320177896288
Nifty 50,2022-12-07,15418.444680378489
Nifty 50,2022-12-08,15220.20248485094
Nifty 50,2022-12-09,15332.581602033855
Nifty 50,2022-12-12,15267.034560236963
Nifty 50,2022-12-13,15291.451863158078
Nifty 50,2022-12-14,15222.657915616704
Nifty 50,2022-12-15,15414.601936986624
Nifty 50,2022-12-16,15442.802802714055
Nifty 50,2022-12-19,15519.025766767369
Nifty 50,2022-12-20,15752.349621231904
Nifty 50,2022-12-21,15653.658514175437
Nifty 50,2022-12-22,15656.90659364262
Nifty 50,2022-12-23,15780.762674098
Nifty 50,2022-12-26,15913.914210267416
Nifty 50,2022-12-27,15972.591040195226
Nifty 50,2022-12-28,15844.246013894186
Nifty 50,2022-12-29,15833.037452656636
Nifty 50,2022-12-30,15744.888054195517
Nifty 50,2023-01-02,15983.682290903263
Nifty 50,2023-01-03,15914.39197587664
Nifty 50,2023-01-04,15862.84159306145
Nifty 50,2023-01-05,15721.295046252297
Nifty 50,2023-01-06,15322.658355924432
Nifty 50,2023-01-09,14995.467934122851
Nifty 50,2023-01-10,15372.882098602637
Nifty 50,2023-01-11,15484.17614407151
Nifty 50,2023-01-12,15591.928531132073
Nifty 50,2023-01-13,15409.666761288952
Nifty 50,2023-01-16,15691.23830841044
Nifty 50,2023-01-17,15968.729483896872
Nifty 50,2023-01-18,15793.705339217457
Nifty 50,2023-01-19,16204.02751325523
Nifty 50,2023-01-20,16108.760055272418
Nifty 50,2023-01-23,16154.1417776267
Nifty 50,2023-01-24,16116.718984234923
Nifty 50,2023-01-25,16229.511379234184
Nifty 50,2023-01-26,16026.805702700727
Nifty 50,2023-01-27,16155.768511409013
Nifty 50,2023-01-30,15996.308007979662
Nifty 50,2023-01-31,15785.675980625983
Nifty 50,2023-02-01,15532.359687252048
Nifty 50,2023-02-02,15374.66104448526
Nifty 50,2023-02-03,15278.683660515766
Nifty 50,2023-02-06,15395.76740429468
Nifty 50,2023-02-07,15464.350728028558
Nifty 50,2023-02-08,15406.316257354223
Nifty 50,2023-02-09,15222.88117913121
Nifty 50,2023-02-10,15302.49992564202
Nifty 50,2023-02-13,15243.99661250017
Nifty 50,2023-02-14,15201.175514304878
Nifty 50,2023-02-15,15192.203049121148
Nifty 50,2023-02-16,15006.775333994883
Nifty 50,2023-02-17,15169.510655214115
Nifty 50,2023-02-20,14913.815918179527
Nifty 50,2023-02-21,14558.35779118644
Nifty 50,2023-02-22,14572.673354450326
Nifty 50,2023-02-23,14639.503161727362
Nifty 50,2023-02-24,14791.757950183142
Nifty 50,2023-02-27,14835.883611931791
Nifty 50,2023-02-28,14645.694572933558
Nifty 50,2023-03-01,14590.918339121898
Nifty 50,2023-03-02,14745.383631323426
Nifty 50,2023-03-03,14536.480741594292
Nifty 50,2023-03-06,14451.012893739711
Nifty 50,2023-03-07,14478.166670991572
Nifty 50,2023-03-08,14577.088582930715
Nifty 50,2023-03-09,14673.352635519415
Nifty 50,2023-03-10,14481.622048492614
Nifty 50,2023-03-13,14355.77770756044
Nifty 50,2023-03-14,14427.473087518363
Nifty 50,2023-03-15,14724.717744284391
Nifty 50,2023-03-16,14423.95964380459
Nifty 50,2023-03-17,14504.510723624817
Nifty 50,2023-03-20,14393.929866719796
Nifty 50,2023-03-21,14200.120004369344
Nifty 50,2023-03-22,13937.646704346454
Nifty 50,2023-03-23,13946.33085683666
Nifty 50,2023-03-24,14284.681397540982
Nifty 50,2023-03-27,14091.342597045264
Nifty 50,2023-03-28,14063.334598688762
Nifty 50,2023-03-29,13995.688631921894
Nifty 50,2023-03-30,13922.91919495456
Nifty 50,2023-03-31,13846.567581497728
Nifty 50,2023-04-03,13740.57633916157
Nifty 50,2023-04-04,13439.191391480772
Nifty 50,2023-04-05,13422.919790680318
Nifty 50,2023-04-06,13633.478828294756
Nifty 50,2023-04-07,13981.07552001019
Nifty 50,2023-04-10,13999.962161202022
Nifty 50,2023-04-11,13834.497391466986
Nifty 50,2023-04-12,13721.99572086942
Nifty 50,2023-04-13,13775.691472773146
Nifty 50,2023-04-14,13752.028561577588
Nifty 50,2023-04-17,13916.306908863948
Nifty 50,2023-04-18,13898.35603965113
Nifty 50,2023-04-19,14107.138454419652
Nifty 50,2023-04-20,13897.984114204924
Nifty 50,2023-04-21,13889.583296222616
Nifty 50,2023-04-24,13951.782057381944
Nifty 50,2023-04-25,13945.338634919042
Nifty 50,2023-04-26,13616.897502637294
Nifty 50,2023-04-27,13633.861772110917
Nifty 50,2023-04-28,13624.8986567334
Nifty 50,2023-05-01,13904.249600373303
Nifty 50,2023-05-02,14055.731635702925
Nifty 50,2023-05-03,14131.553471638774
Nifty 50,2023-05-04,14047.621085753954
Nifty 50,2023-05-05,14160.48629570982
Nifty 50,2023-05-08,14182.755854107052
Nifty 50,2023-05-09,14011.63388648681
Nifty 50,2023-05-10,13975.063921449524
Nifty 50,2023-05-11,14094.663453330582
Nifty 50,2023-05-12,14389.61430385649
Nifty 50,2023-05-15,14581.254759310745
Nifty 50,2023-05-16,14544.713010526975
Nifty 50,2023-05-17,14514.789580041544
Nifty 50,2023-05-18,14533.415312596802
Nifty 50,2023-05-19,14585.965232558843
Nifty 50,2023-05-22,14520.415987738796
Nifty 50,2023-05-23,14762.809246121293
Nifty 50,2023-05-24,14827.888242163735
Nifty 50,2023-05-25,14843.141568723277
Nifty 50,2023-05-26,14949.974399372197
Nifty 50,2023-05-29,14693.902394238105
Nifty 50,2023-05-30,14782.029676526972
Nifty 50,2023-05-31,14979.633592265176
Nifty 50,2023-06-01,14848.620321065671
Nifty 50,2023-06-02,14790.15727965486
Nifty 50,2023-06-05,14862.988390419216
Nifty 50,2023-06-06,15001.031479836423
Nifty 50,2023-06-07,14969.216707441485
Nifty 50,2023-06-08,14994.135387157316
Nifty 50,2023-06-09,15066.261673280162
Nifty 50,2023-06-12,14820.417915239774
Nifty 50,2023-06-13,14614.607454883506
Nifty 50,2023-06-14,14639.990052679846
Nifty 50,2023-06-15,14694.829742984752
Nifty 50,2023-06-16,14680.70851896076
Nifty 50,2023-06-19,14579.636016411256
Nifty 50,2023-06-20,14814.028003129886
Nifty 50,2023-06-21,15054.669232169956
Nifty 50,2023-06-22,14936.362402464336
Nifty 50,2023-06-23,14716.51149436547
Nifty 50,2023-06-26,14706.886132832986
Nifty 50,2023-06-27,14730.110493131477
Nifty 50,2023-06-28,14563.033210705273
Nifty 50,2023-06-29,14628.49851389022
Nifty 50,2023-06-30,14527.233359148
Nifty 50,2023-07-03,14568.97792828559
Nifty 50,2023-07-04,14433.325647128077
Nifty 50,2023-07-05,14509.604685411976
Nifty 50,2023-07-06,14288.955105670902
Nifty 50,2023-07-07,14081.565531370888
Nifty 50,2023-07-10,14220.825338994626
Nifty 50,2023-07-11,14250.93806650842
Nifty 50,2023-07-12,14298.344710936171
Nifty 50,2023-07-13,14288.022643789442
Nifty 50,2023-07-14,14471.155308867812
Nifty 50,2023-07-17,14638.755140740332
Nifty 50,2023-07-18,14523.152605458135
Nifty 50,2023-07-19,14334.208444492086
Nifty 50,2023-07-20,14202.393078099589
Nifty 50,2023-07-21,14244.54198987568
Nifty 50,2023-07-24,14358.03009414729
Nifty 50,2023-07-25,14542.360701879756
Nifty 50,2023-07-26,14568.939519547135
Nifty 50,2023-07-27,14372.226587694357
Nifty 50,2023-07-28,14609.709008971384
Nifty 50,2023-07-31,14971.947618372607
Nifty 50,2023-08-01,14794.611932853402
Nifty 50,2023-08-02,14609.547581238166
Nifty 50,2023-08-03,14601.78021077318
Nifty 50,2023-08-04,14328.568765526712
Nifty 50,2023-08-07,14499.248339423008
Nifty 50,2023-08-08,14343.982708740969
Nifty 50,2023-08-09,14672.10020444384
Nifty 50,2023-08-10,14484.919789187592
Nifty 50,2023-08-11,14448.182594394864
Nifty 50,2023-08-14,14405.930009079251
Nifty 50,2023-08-15,14272.323512056324
Nifty 50,2023-08-16,14503.202953975302
Nifty 50,2023-08-17,14641.273942573578
Nifty 50,2023-08-18,14788.796598903307
Nifty 50,2023-08-21,14609.523837783488
Nifty 50,2023-08-22,14570.89212865146
Nifty 50,2023-08-23,14487.605006529291
Nifty 50,2023-08-24,14581.434009726428
Nifty 50,2023-08-25,14438.106655920346
Nifty 50,2023-08-28,14246.247677648102
Nifty 50,2023-08-29,14356.225807796998
Nifty 50,2023-08-30,14500.561687034797
Nifty 50,2023-08-31,14532.619478324392
Nifty 50,2023-09-01,14509.404007715884
Nifty 50,2023-09-04,14496.520583137
Nifty 50,2023-09-05,14756.303821646608
Nifty 50,2023-09-06,14556.817490832482
Nifty 50,2023-09-07,14752.806425782748
Nifty 50,2023-09-08,14640.542687711182
Nifty 50,2023-09-11,14701.825580574032
Nifty 50,2023-09-12,14781.26367347002
Nifty 50,2023-09-13,14897.030372986264
Nifty 50,2023-09-14,14919.036326725944
Nifty 50,2023-09-15,14921.894930927008
Nifty 50,2023-09-18,14857.683849013349
Nifty 50,2023-09-19,14772.823277319854
Nifty 50,2023-09-20,14737.530296588086
Nifty 50,2023-09-21,14942.97469251314
Nifty 50,2023-09-22,15260.505187912631
Nifty 50,2023-09-25,15156.025706416372
Nifty 50,2023-09-26,15063.735222143274
Nifty 50,2023-09-27,14870.254196969465
Nifty 50,2023-09-28,14759.100415032111
Nifty 50,2023-09-29,14571.98349246696
Nifty 50,2023-10-02,14528.907690138749
Nifty 50,2023-10-03,14395.46295093115
Nifty 50,2023-10-04,14468.731570993745
Nifty 50,2023-10-05,14585.77135274927
Nifty 50,2023-10-06,14688.010554461836
Nifty 50,2023-10-09,14832.842822441373
Nifty 50,2023-10-10,14701.872133593148
Nifty 50,2023-10-11,14624.003627546806
Nifty 50,2023-10-12,14753.595274396985
Nifty 50,2023-10-13,14627.953437908343
Nifty 50,2023-10-16,14578.877985739073
Nifty 50,2023-10-17,14772.610899464904
Nifty 50,2023-10-18,14984.743337184174
Nifty 50,2023-10-19,15306.247617464936
Nifty 50,2023-10-20,15205.225580506034
Nifty 50,2023-10-23,15140.352161225896
Nifty 50,2023-10-24,15194.280954815616
Nifty 50,2023-10-25,15228.730355229603
Nifty 50,2023-10-26,14913.40781594233
Nifty 50,2023-10-27,14830.721572237848
Nifty 50,2023-10-30,14917.55285116792
Nifty 50,2023-10-31,14787.053205939115
Nifty 50,2023-11-01,14819.820389866272
Nifty 50,2023-11-02,14694.804663197796
Nifty 50,2023-11-03,14667.85129409242
Nifty 50,2023-11-06,14779.053012173925
Nifty 50,2023-11-07,15136.692950956578
Nifty 50,2023-11-08,15151.409698953792
Nifty 50,2023-11-09,15090.66488690513
Nifty 50,2023-11-10,15126.0755982265
Nifty 50,2023-11-13,15268.698375364238
Nifty 50,2023-11-14,15142.746306611103
Nifty 50,2023-11-15,15242.788012495155
Nifty 50,2023-11-16,15010.835163555244
Nifty 50,2023-11-17,15018.301822284193
Nifty 50,2023-11-20,15006.143397479937
Nifty 50,2023-11-21,14770.621187755114
Nifty 50,2023-11-22,14588.95543244992
Nifty 50,2023-11-23,14724.389829009886
Nifty 50,2023-11-24,14660.217032549484
Nifty 50,2023-11-27,14469.4336246006
Nifty 50,2023-11-28,14641.46934670573
Nifty 50,2023-11-29,14674.093077594363
Nifty 50,2023-11-30,14853.961151282028
Nifty 50,2023-12-01,14944.336201390372
Nifty 50,2023-12-04,15022.887228824213
Nifty 50,2023-12-05,14902.645680469386
Nifty 50,2023-12-06,15025.159441937016
Nifty 50,2023-12-07,15225.14503332085
Nifty 50,2023-12-08,15185.445150053822
Nifty 50,2023-12-11,15160.96134164937
Nifty 50,2023-12-12,15221.339353978094
Nifty 50,2023-12-13,15210.547236481118
Nifty 50,2023-12-14,15312.937704848271
Nifty 50,2023-12-15,15667.670997164154
Nifty 50,2023-12-18,15726.98966776752
Nifty 50,2023-12-19,15798.766186659528
Nifty 50,2023-12-20,15693.021480618192
Nifty 50,2023-12-21,15879.801560920652
Nifty 50,2023-12-22,15875.367543059623
Nifty 50,2023-12-25,15990.621389434666
Nifty 50,2023-12-26,15942.271737245952
Nifty 50,2023-12-27,15887.560194024274
Nifty 50,2023-12-28,16072.451899647638
Nifty 50,2023-12-29,16050.11429693602
Nifty 50,2024-01-01,16017.470945805251
Nifty 50,2024-01-02,16026.773999859795
Nifty 50,2024-01-03,16029.908749285623
Nifty 50,2024-01-04,15901.063281917675
Nifty 50,2024-01-05,15838.109586817583
Nifty 50,2024-01-08,15746.8585457987
Nifty 50,2024-01-09,15632.084298999873
Nifty 50,2024-01-10,15624.712896091754
Nifty 50,2024-01-11,15497.091527016662
Nifty 50,2024-01-12,15732.693172181009
Nifty 50,2024-01-15,15751.140783653003
Nifty 50,2024-01-16,15798.499096451447
Nifty 50,2024-01-17,15958.16916160734
Nifty 50,2024-01-18,15790.775248042595
Nifty 50,2024-01-19,16133.504679725418
Nifty 50,2024-01-22,15997.86600295267
Nifty 50,2024-01-23,16064.419176965888
Nifty 50,2024-01-24,15881.107323935585
Nifty 50,2024-01-25,15935.875476304866
Nifty 50,2024-01-26,15870.12577742646
Nifty 50,2024-01-29,16011.96335499863
Nifty 50,2024-01-30,16028.737439378549
Nifty 50,2024-01-31,16302.858089226524
Nifty 50,2024-02-01,16263.091436906154
Nifty 50,2024-02-02,16230.66008002303
Nifty 50,2024-02-05,15987.3094328077
Nifty 50,2024-02-06,15836.81253329125
Nifty 50,2024-02-07,15844.605940514904
Nifty 50,2024-02-08,16008.868451843791
Nifty 50,2024-02-09,15807.382462622654
Nifty 50,2024-02-12,16046.263233569927
Nifty 50,2024-02-13,15906.526134091257
Nifty 50,2024-02-14,15944.271140188186
Nifty 50,2024-02-15,16148.728427567155
Nifty 50,2024-02-16,16116.47923459661
Nifty 50,2024-02-19,16007.116046808364
Nifty 50,2024-02-20,16120.487118519944
Nifty 50,2024-02-21,15988.794217503955
Nifty 50,2024-02-22,15995.47372772506
Nifty 50,2024-02-23,16238.942875723136
Nifty 50,2024-02-26,16359.094729981123
Nifty 50,2024-02-27,16360.023623529896
Nifty 50,2024-02-28,16146.477117320004
Nifty 50,2024-02-29,16437.29777551875
Nifty 50,2024-03-01,16047.787082063214
Nifty 50,2024-03-04,15830.629150425782
Nifty 50,2024-03-05,15823.265003737532
Nifty 50,2024-03-06,15840.218448876163
Nifty 50,2024-03-07,15695.980966427082
Nifty 50,2024-03-08,15726.836243092364
Nifty 50,2024-03-11,15869.039509415572
Nifty 50,2024-03-12,15939.440085983031
Nifty 50,2024-03-13,15987.197624050326
Nifty 50,2024-03-14,16176.17185084247
Nifty 50,2024-03-15,16167.985393001289
Nifty 50,2024-03-18,16174.227796588191
Nifty 50,2024-03-19,16527.287518504523
Nifty 50,2024-03-20,16564.738354278892
Nifty 50,2024-03-21,16535.646032372453
Nifty 50,2024-03-22,16728.742361299
Nifty 50,2024-03-25,16806.29110869622
Nifty 50,2024-03-26,16805.72225557413
Nifty 50,2024-03-27,16852.152169902973
Nifty 50,2024-03-28,16768.368247434566
Nifty 50,2024-03-29,16718.69551271291
Nifty 50,2024-04-01,16900.073630999617
Nifty 50,2024-04-02,16872.124047953523
Nifty 50,2024-04-03,16875.136546150043
Nifty 50,2024-04-04,16842.694586311263
Nifty 50,2024-04-05,16742.504209660987
Nifty 50,2024-04-08,16613.222995143286
Nifty 50,2024-04-09,16691.72320031538
Nifty 50,2024-04-10,16897.11673594878
Nifty 50,2024-04-11,16928.955266777124
Nifty 50,2024-04-12,17108.766174152337
Nifty 50,2024-04-15,17175.207191434893
Nifty 50,2024-04-16,17135.93481553304
Nifty 50,2024-04-17,17046.302380652305
Nifty 50,2024-04-18,17079.85464042872
Nifty 50,2024-04-19,17038.696342996373
Nifty 50,2024-04-22,16931.04292301634
Nifty 50,2024-04-23,17024.22966228694
Nifty 50,2024-04-24,16724.025781004
Nifty 50,2024-04-25,16758.464407222327
Nifty 50,2024-04-26,16548.42087718313
Nifty 50,2024-04-29,16527.269935987555
Nifty 50,2024-04-30,16588.746366675765
Nifty 50,2024-05-01,16614.338651464637
Nifty 50,2024-05-02,16554.59760229583
Nifty 50,2024-05-03,16582.91192459228
Nifty 50,2024-05-06,16096.424975603712
Nifty 50,2024-05-07,15587.9000725005
Nifty 50,2024-05-08,15634.90024119525
Nifty 50,2024-05-09,15753.156684058133
Nifty 50,2024-05-10,15893.928422132529
Nifty 50,2024-05-13,15779.67595033222
Nifty 50,2024-05-14,15644.563369136617
Nifty 50,2024-05-15,15509.982727502997
Nifty 50,2024-05-16,15448.396642073483
Nifty 50,2024-05-17,15346.65541389726
Nifty 50,2024-05-20,15245.367595722302
Nifty 50,2024-05-21,15291.83657741276
Nifty 50,2024-05-22,15272.426342612023
Nifty 50,2024-05-23,15059.809777067134
Nifty 50,2024-05-24,15022.049612023617
Nifty 50,2024-05-27,15252.892166577973
Nifty 50,2024-05-28,15020.18672380766
Nifty 50,2024-05-29,14905.83477336274
Nifty 50,2024-05-30,14913.80617683172
Nifty 50,2024-05-31,15032.771135309576
Nifty 50,2024-06-03,14883.439764502637
Nifty 50,2024-06-04,14885.548437019948
Nifty 50,2024-06-05,14807.268671513564
Nifty 50,2024-06-06,14779.896510063165
Nifty 50,2024-06-07,14826.78226407652
Nifty 50,2024-06-10,14922.93664200701
Nifty 50,2024-06-11,14624.438330904992
Nifty 50,2024-06-12,14670.474861239332
Nifty 50,2024-06-13,14518.098834865925
Nifty 50,2024-06-14,14461.946524086306
Nifty 50,2024-06-17,14372.788713730968
Nifty 50,2024-06-18,14444.02054760523
Nifty 50,2024-06-19,14270.259638329368
Nifty 50,2024-06-20,14304.12346770027
Nifty 50,2024-06-21,14379.207350935396
Nifty 50,2024-06-24,14575.611681609478
Nifty 50,2024-06-25,14362.287275005192
Nifty 50,2024-06-26,14302.58832248502
Nifty 50,2024-06-27,14306.86195814754
Nifty 50,2024-06-28,14330.741177384303
Nifty 50,2024-07-01,14616.920621209312
Nifty 50,2024-07-02,14622.610014097372
Nifty 50,2024-07-03,14525.63613626186
Nifty 50,2024-07-04,14630.215553641608
Nifty 50,2024-07-05,14539.788009981268
Nifty 50,2024-07-08,14409.171382127164
Nifty 50,2024-07-09,14433.8043888338
Nifty 50,2024-07-10,14259.34553173547
Nifty 50,2024-07-11,14345.967408740276
Nifty 50,2024-07-12,14256.42278476274
Nifty 50,2024-07-15,14115.339074029524
Nifty 50,2024-07-16,13832.418910051469
Nifty 50,2024-07-17,14318.718363958931
Nifty 50,2024-07-18,14427.530528501344
Nifty 50,2024-07-19,14509.842506286486
Nifty 50,2024-07-22,14327.142002831391
Nifty 50,2024-07-23,14291.592262390524
Nifty 50,2024-07-24,14253.896610061443
Nifty 50,2024-07-25,14496.80089401216
Nifty 50,2024-07-26,14218.104420991296
Nifty 50,2024-07-29,14239.537053130687
Nifty 50,2024-07-30,14236.912408890714
Nifty 50,2024-07-31,14090.489579983085
Nifty 50,2024-08-01,14142.566506584588
Nifty 50,2024-08-02,14100.45410905151
Nifty 50,2024-08-05,14181.674186326452
Nifty 50,2024-08-06,14292.033931098797
Nifty 50,2024-08-07,14209.659166875814
Nifty 50,2024-08-08,14348.166906695733
Nifty 50,2024-08-09,14369.880805601397
Nifty 50,2024-08-12,14505.33977594876
Nifty 50,2024-08-13,14678.466417423026
Nifty 50,2024-08-14,14617.915950099838
Nifty 50,2024-08-15,14806.256918282055
Nifty 50,2024-08-16,14956.21801625802
Nifty 50,2024-08-19,15123.863329404208
Nifty 50,2024-08-20,14945.26483180587
Nifty 50,2024-08-21,14787.748814488015
Nifty 50,2024-08-22,14563.853633080436
Nifty 50,2024-08-23,14603.119982392824
Nifty 50,2024-08-26,14632.78708438355
Nifty 50,2024-08-27,14681.50985461768
Nifty 50,2024-08-28,14709.47899377217
Nifty 50,2024-08-29,14700.796968338229
Nifty 50,2024-08-30,14595.677325086632
Nifty 50,2024-09-02,14720.426629460006
Nifty 50,2024-09-03,14699.806963546303
Nifty 50,2024-09-04,14795.73974011507
Nifty 50,2024-09-05,14685.913651679186
Nifty 50,2024-09-06,14496.725211342487
Nifty 50,2024-09-09,14577.08198417466
Nifty 50,2024-09-10,14430.667595739307
Nifty 50,2024-09-11,14450.921357541612
Nifty 50,2024-09-12,14495.278861335964
Nifty 50,2024-09-13,14476.583171703383
Nifty 50,2024-09-16,14653.273822982104
Nifty 50,2024-09-17,14721.6611012656
Nifty 50,2024-09-18,14700.78478671936
Nifty 50,2024-09-19,14628.072539637027
Nifty 50,2024-09-20,14612.672159629668
Nifty 50,2024-09-23,14569.787411565374
Nifty 50,2024-09-24,14510.612004780283
Nifty 50,2024-09-25,14490.473878926518
Nifty 50,2024-09-26,14640.541848319825
Nifty 50,2024-09-27,14842.310672405194
Nifty 50,2024-09-30,14809.736522884325
Nifty 50,2024-10-01,14849.832285482737
Nifty 50,2024-10-02,14753.610157890234
Nifty 50,2024-10-03,14916.58990694445
Nifty 50,2024-10-04,14778.360765284677
Nifty 50,2024-10-07,14825.623946840476
Nifty 50,2024-10-08,14793.21749908528
Nifty 50,2024-10-09,14827.392933991108
Nifty 50,2024-10-10,14999.811208598858
Nifty 50,2024-10-11,15011.685058873902
Nifty 50,2024-10-14,14880.685345121936
Nifty 50,2024-10-15,14911.294896061689
Nifty 50,2024-10-16,14895.746836877195
Nifty 50,2024-10-17,14885.827842828709
Nifty 50,2024-10-18,14769.894066615943
Nifty 50,2024-10-21,14761.354959660064
Nifty 50,2024-10-22,14794.473530660633
Nifty 50,2024-10-23,15023.173120979676
Nifty 50,2024-10-24,14943.40384348962
Nifty 50,2024-10-25,14669.916908454335
Nifty 50,2024-10-28,14692.617215753848
Nifty 50,2024-10-29,14631.47931115732
Nifty 50,2024-10-30,14649.102686902766
Nifty 50,2024-10-31,14708.482154967907
Nifty 50,2024-11-01,14836.997054401583
Nifty 50,2024-11-04,14703.230945070743
Nifty 50,2024-11-05,14671.997592117285
Nifty 50,2024-11-06,14757.231911272203
Nifty 50,2024-11-07,14791.402658078816
Nifty 50,2024-11-08,14853.290546586282
Nifty 50,2024-11-11,14888.899402347022
Nifty 50,2024-11-12,15106.509027511533
Nifty 50,2024-11-13,15057.99327737648
Nifty 50,2024-11-14,15017.722280340142
Nifty 50,2024-11-15,15255.061340818906
Nifty 50,2024-11-18,15346.38028382945
Nifty 50,2024-11-19,15319.931221884535
Nifty 50,2024-11-20,15332.641508457687
Nifty 50,2024-11-21,15283.666513207936
Nifty 50,2024-11-22,15125.794653370443
Nifty 50,2024-11-25,14990.005429472643
Nifty 50,2024-11-26,14597.724408619542
Nifty 50,2024-11-27,14583.772746561055
Nifty 50,2024-11-28,14371.632529754574
Nifty 50,2024-11-29,14332.92017158453
Nifty 50,2024-12-02,14427.54978796303
Nifty 50,2024-12-03,14586.540858812596
Nifty 50,2024-12-04,14519.56048184641
Nifty 50,2024-12-05,14332.943480262971
Nifty 50,2024-12-06,14611.733529182737
Nifty 50,2024-12-09,14532.13722596185
Nifty 50,2024-12-10,14607.486190762062
Nifty 50,2024-12-11,14732.875564670312
Nifty 50,2024-12-12,14759.58927142747
Nifty 50,2024-12-13,14589.616120860414
Nifty 50,2024-12-16,14759.332607505554
Nifty 50,2024-12-17,14757.674355738136
Nifty 50,2024-12-18,15144.276596842075
Nifty 50,2024-12-19,15090.705570035594
Nifty 50,2024-12-20,14974.77623371824
Nifty 50,2024-12-23,14790.800579050312
Nifty 50,2024-12-24,15060.966223590018
Nifty 50,2024-12-25,15104.68562956805
Nifty 50,2024-12-26,15377.635221203143
Nifty 50,2024-12-27,15437.64900098641
Nifty 50,2024-12-30,15309.110491785756
Nifty 50,2024-12-31,15470.49386030961
Nifty 50,2025-01-01,15528.655706384236
Nifty 50,2025-01-02,15329.693329076315
Nifty 50,2025-01-03,15328.062242194112
Nifty 50,2025-01-06,15473.167470234232
Nifty 50,2025-01-07,15371.190583462225
Nifty 50,2025-01-08,15639.022769094494
Nifty 50,2025-01-09,15785.78462690834
Nifty 50,2025-01-10,15778.928242951495
Nifty 50,2025-01-13,15850.17626274961
Nifty 50,2025-01-14,16041.06115938994
Nifty 50,2025-01-15,16088.42672515106
Nifty 50,2025-01-16,15998.26045492084
Nifty 50,2025-01-17,16053.87684891744
Nifty 50,2025-01-20,16151.48165589333
Nifty 50,2025-01-21,16124.17192919036
Nifty 50,2025-01-22,16357.97943561092
Nifty 50,2025-01-23,16281.104237953952
Nifty 50,2025-01-24,16444.858311410608
Nifty 50,2025-01-27,16391.367262312666
Nifty 50,2025-01-28,16366.508184085906
Nifty 50,2025-01-29,16326.6635578953
Nifty 50,2025-01-30,16647.97261416752
Nifty 50,2025-01-31,16181.705768744816
Nifty 50,2025-02-03,16179.601109934876
Nifty 50,2025-02-04,16000.40643039365
Nifty 50,2025-02-05,16191.519561864356
Nifty 50,2025-02-06,16076.011208142669
Nifty 50,2025-02-07,16212.62527476155
Nifty 50,2025-02-10,16611.896682184513
Nifty 50,2025-02-11,16489.444950058143
Nifty 50,2025-02-12,16512.551518526485
Nifty 50,2025-02-13,16696.21842842311
Nifty 50,2025-02-14,16926.090534542636
Nifty 50,2025-02-17,16759.665589473196
Nifty 50,2025-02-18,16511.896734089212
Nifty 50,2025-02-19,16483.977047940636
Nifty 50,2025-02-20,16573.031774381958
Nifty 50,2025-02-21,16295.143918773194
Nifty 50,2025-02-24,16197.885240163036
Nifty 50,2025-02-25,16206.978164342883
Nifty 50,2025-02-26,16174.072752878565
Nifty 50,2025-02-27,15945.589334477
Nifty 50,2025-02-28,16109.991089572792
Nifty 50,2025-03-03,16044.34350604996
Nifty 50,2025-03-04,15972.785872859493
Nifty 50,2025-03-05,15803.88277409252
Nifty 50,2025-03-06,15808.79509329826
Nifty 50,2025-03-07,15826.317254011336
Nifty 50,2025-03-10,15682.947009269636
Nifty 50,2025-03-11,15712.045749452667
Nifty 50,2025-03-12,15861.496314737176
Nifty 50,2025-03-13,15643.90412693259
Nifty 50,2025-03-14,15775.59677024934
Nifty 50,2025-03-17,15650.05827757186
Nifty 50,2025-03-18,15555.991791354332
Nifty 50,2025-03-19,15362.350798687288
Nifty 50,2025-03-20,15499.146788943655
Nifty 50,2025-03-21,15664.23626300637
Nifty 50,2025-03-24,15668.546598497936
Nifty 50,2025-03-25,15768.379368355509
Nifty 50,2025-03-26,15846.134289967658
Nifty 50,2025-03-27,16017.1090027487
Nifty 50,2025-03-28,16096.131789378873
Nifty 50,2025-03-31,16221.592478183207
Nifty 50,2025-04-01,16331.988082005371
Nifty 50,2025-04-02,16095.352679018702
Nifty 50,2025-04-03,16281.512732362497
Nifty 50,2025-04-04,16381.641686097371
Nifty 50,2025-04-07,16364.25211349592
Nifty 50,2025-04-08,16389.702644271125
Nifty 50,2025-04-09,16155.663775090225
Nifty 50,2025-04-10,16248.931145247145
Nifty 50,2025-04-11,16355.015305523952
Nifty 50,2025-04-14,16539.68895596829
Nifty 50,2025-04-15,16710.42098857746
Nifty 50,2025-04-16,16876.829900955192
Nifty 50,2025-04-17,16944.235003631067
Nifty 50,2025-04-18,17290.799989767856
Nifty 50,2025-04-21,17262.97176763556
Nifty 50,2025-04-22,17245.639476780474
Nifty 50,2025-04-23,17245.778801377815
Nifty 50,2025-04-24,17130.301262925703
Nifty 50,2025-04-25,17198.34430633027
Nifty 50,2025-04-28,16977.865474305094
Nifty 50,2025-04-29,16793.198852646725
Nifty 50,2025-04-30,16880.639986948987
Nifty 50,2025-05-01,16686.59770925762
Nifty 50,2025-05-02,16669.67997754526
Nifty 50,2025-05-05,16608.15673896075
Nifty 50,2025-05-06,16748.558234004613
Nifty 50,2025-05-07,16599.524456286854
Nifty 50,2025-05-08,16630.77790403397
Nifty 50,2025-05-09,16592.1897350421
Nifty 50,2025-05-12,16480.363240627074
Nifty 50,2025-05-13,16435.881117541787
Nifty 50,2025-05-14,16504.108465610214
Nifty 50,2025-05-15,16307.79755993684
Nifty 50,2025-05-16,16034.214011473585
Nifty 50,2025-05-19,15970.62045535837
Nifty 50,2025-05-20,15764.451449604638
Nifty 50,2025-05-21,15900.0974449511
Nifty 50,2025-05-22,15882.47219243492
Nifty 50,2025-05-23,15898.924836021151
Nifty 50,2025-05-26,15902.920018144268
Nifty 50,2025-05-27,15882.167917705468
Nifty 50,2025-05-28,16030.315889507525
Nifty 50,2025-05-29,16295.7597198673
Nifty 50,2025-05-30,16436.56073053511
Nifty 50,2025-06-02,16462.14020161021
Nifty 50,2025-06-03,16522.415754224046
Nifty 50,2025-06-04,16418.21276114442
Nifty 50,2025-06-05,16708.552473461357
Nifty 50,2025-06-06,16725.16943130706
Nifty 50,2025-06-09,16968.742403821183
Nifty 50,2025-06-10,16942.575186383652
Nifty 50,2025-06-11,16465.45765538916
Nifty 50,2025-06-12,16531.63290125947
Nifty 50,2025-06-13,16647.170983095606
Nifty 50,2025-06-16,16352.810374292456
Nifty 50,2025-06-17,16324.05197783589
Nifty 50,2025-06-18,16590.824593776586
Nifty 50,2025-06-19,16693.941071628007
Nifty 50,2025-06-20,16509.08482843071
Nifty 50,2025-06-23,16388.058486059705
Nifty 50,2025-06-24,16238.630834610523
Nifty 50,2025-06-25,16138.773867478323
Nifty 50,2025-06-26,16089.459676795355
Nifty 50,2025-06-27,16143.681633644808
Nifty 50,2025-06-30,16350.39211568866
Nifty 50,2025-07-01,16728.267376077372
Nifty 50,2025-07-02,16662.48103506975
Nifty 50,2025-07-03,16494.5752793535
Nifty 50,2025-07-04,16316.454101182158
Nifty 50,2025-07-07,16210.337658392204
Nifty 50,2025-07-08,16130.22972621278
Nifty 50,2025-07-09,16056.199092562943
Nifty 50,2025-07-10,16019.219974600544
Nifty 50,2025-07-11,16164.751092931006
Nifty 50,2025-07-14,16024.865956403037
Nifty 50,2025-07-15,16142.38221763502
Nifty 50,2025-07-16,16225.333920386103
Nifty 50,2025-07-17,16040.955673842856
Nifty 50,2025-07-18,16159.479854706393
Nifty 50,2025-07-21,16300.274878780205
Nifty 50,2025-07-22,16420.05560482075
Nifty 50,2025-07-23,16529.608251856855
Nifty 50,2025-07-24,16288.365686840962
Nifty 50,2025-07-25,16166.13960471358
Nifty 50,2025-07-28,16156.574826464468
Nifty 50,2025-07-29,15997.666084091934
Nifty 50,2025-07-30,16090.783401205192
Nifty 50,2025-07-31,16494.611975557928
Nifty 50,2025-08-01,16196.44054014901
Nifty 50,2025-08-04,15897.696239369176
Nifty 50,2025-08-05,15952.460270781732
Nifty 50,2025-08-06,16073.212658775872
Nifty 50,2025-08-07,15985.538431504803
Nifty 50,2025-08-08,15781.770466849966
Nifty 50,2025-08-11,15515.495094264275
Nifty 50,2025-08-12,15693.7692955069
Nifty 50,2025-08-13,15486.791935784844
Nifty 50,2025-08-14,15621.958672387673
Nifty 50,2025-08-15,15645.780872782068
Nifty 50,2025-08-18,15802.150130432132
Nifty 50,2025-08-19,15708.431264478071
Nifty 50,2025-08-20,15528.249016129506
Nifty 50,2025-08-21,15537.821956854912
Nifty 50,2025-08-22,15622.392911166144
Nifty 50,2025-08-25,15741.678260209104
Nifty 50,2025-08-26,15646.43983519584
Nifty 50,2025-08-27,15789.384418789065
Nifty 50,2025-08-28,15737.880768663314
Nifty 50,2025-08-29,15857.191091256303
Nifty 50,2025-09-01,15942.037870150898
Nifty 50,2025-09-02,16028.534285133448
Nifty 50,2025-09-03,15919.998952008456
Nifty 50,2025-09-04,15941.841893074812
Nifty 50,2025-09-05,16016.103898677571
Nifty 50,2025-09-08,15826.029025905267
Nifty 50,2025-09-09,16073.83966673685
Nifty 50,2025-09-10,16125.151292894225
Nifty 50,2025-09-11,16074.391505015044
Nifty 50,2025-09-12,16315.171052341258
Nifty 50,2025-09-15,16446.75992427983
Nifty 50,2025-09-16,16285.878240629949
Nifty 50,2025-09-17,16349.879742738973
Nifty 50,2025-09-18,16353.446845700517
Nifty 50,2025-09-19,16224.638184376869
Nifty 50,2025-09-22,16361.834809876893
Nifty 50,2025-09-23,16364.368689655374
Nifty 50,2025-09-24,16278.331114390206
Nifty 50,2025-09-25,16257.394214541995
Nifty 50,2025-09-26,16358.424131377657
Nifty 50,2025-09-29,16431.707873768857
Nifty 50,2025-09-30,16240.54390935016
Nifty 50,2025-10-01,16322.58472111438
Nifty 50,2025-10-02,16283.533846413817
Nifty 50,2025-10-03,16532.269242142716
Nifty 50,2025-10-06,16577.45599515367
Nifty 50,2025-10-07,16696.684026108043
Nifty 50,2025-10-08,16805.87914255333
Nifty 50,2025-10-09,17021.43621429738
Nifty 50,2025-10-10,17084.775469166252
Nifty 50,2025-10-13,17246.416611960405
Nifty 50,2025-10-14,17291.471559297734
Nifty 50,2025-10-15,17386.573773198783
Nifty 50,2025-10-16,17488.168857215307
Nifty 50,2025-10-17,17577.92845714182
Nifty 50,2025-10-20,17544.055740002175
Nifty 50,2025-10-21,17323.633562588337
Nifty 50,2025-10-22,17477.473663507397
Nifty 50,2025-10-23,17502.190616380878
Nifty 50,2025-10-24,17387.351249547737
Nifty 50,2025-10-27,17381.638695043737
Nifty 50,2025-10-28,17219.495363618367
Nifty 50,2025-10-29,16825.139857894996
Nifty 50,2025-10-30,16813.919667144568
Nifty 50,2025-10-31,16874.79196997362
Nifty 50,2025-11-03,17006.584795426417
Nifty 50,2025-11-04,17192.79381026637
Nifty 50,2025-11-05,17441.080294736224
Nifty 50,2025-11-06,17197.12237447922
Nifty 50,2025-11-07,17454.72623445721
Nifty 50,2025-11-10,17347.44992946036
Nifty 50,2025-11-11,17445.99887491761
Nifty 50,2025-11-12,17667.317930932008
Nifty 50,2025-11-13,17619.223017641605
Nifty 50,2025-11-14,17719.70102376876
Nifty 50,2025-11-17,17920.000483994703
Nifty 50,2025-11-18,17846.291991094662
Nifty 50,2025-11-19,17842.577456897932
Nifty 50,2025-11-20,17722.52075495131
Nifty 50,2025-11-21,18125.521755597398
Nifty 50,2025-11-24,17892.87645781379
Nifty 50,2025-11-25,17578.776728019813
Nifty 50,2025-11-26,17431.478851660704
Nifty 50,2025-11-27,17295.806660654656
Nifty 50,2025-11-28,17477.94620984193
Nifty 50,2025-12-01,17197.60483124457
Nifty 50,2025-12-02,17088.272840583464
Nifty 50,2025-12-03,17371.495033224575
Nifty 50,2025-12-04,17712.89242941489
Nifty 50,2025-12-05,18028.345527404228
Nifty 50,2025-12-08,17976.851142441035
Nifty 50,2025-12-09,17861.40402894259
Nifty 50,2025-12-10,17726.182991409758
Nifty 50,2025-12-11,17649.50525318463
Nifty 50,2025-12-12,17872.67512491142
Nifty 50,2025-12-15,17699.352690638312
Nifty 50,2025-12-16,17618.492266462432
Nifty 50,2025-12-17,17525.025842276933
Nifty 50,2025-12-18,17798.42454221003
Nifty 50,2025-12-19,17864.234911608833
Nifty 50,2025-12-22,17839.190605530704
Nifty 50,2025-12-23,17820.882710772028
Nifty 50,2025-12-24,17784.000585778173
Nifty 50,2025-12-25,17612.647136483258
Nifty 50,2025-12-26,17690.626998993837
Nifty 50,2025-12-29,17831.732590910462
Nifty 50,2025-12-30,17937.815962329827
Nifty 50,2025-12-31,17805.131746604628
Nifty 50,2026-01-01,17584.311342472218
Nifty 50,2026-01-02,17675.530226808656
Nifty 50,2026-01-05,17829.105079404548
Nifty 50,2026-01-06,18162.275629145264
Nifty 50,2026-01-07,18366.16853952584
Nifty 50,2026-01-08,18188.689683162826
Nifty 50,2026-01-09,17850.639625720625
Nifty 50,2026-01-12,17762.57999223962
Nifty 50,2026-01-13,17769.50291768187
Nifty 50,2026-01-14,17617.840857361964
Nifty 50,2026-01-15,17593.842024891408
Nifty 50,2026-01-16,17743.48676987088
Nifty 50,2026-01-19,17773.917173466016
Nifty 50,2026-01-20,17998.070045732406
Nifty 50,2026-01-21,17726.05132314028
Nifty 50,2026-01-22,17503.46253097789
Nifty 50,2026-01-23,17383.185367920978
Nifty 50,2026-01-26,17392.916187509945
Nifty 50,2026-01-27,17442.86922511518
Nifty 50,2026-01-28,17396.838754112563
Nifty 50,2026-01-29,17385.870114117348
Nifty 50,2026-01-30,17595.758122034542
Nifty 50,2026-02-02,17720.38977214173
Nifty 50,2026-02-03,17655.753539150744
Nifty 50,2026-02-04,17875.127280311543
Nifty 50,2026-02-05,18048.02318096711
Nifty 50,2026-02-06,18200.361067786205
Nifty 50,2026-02-09,18035.131660835195
Nifty 50,2026-02-10,18013.80094192186
Nifty 50,2026-02-11,18067.40857942152
Nifty 50,2026-02-12,17948.098442897648
Nifty 50,2026-02-13,17965.321053394127
Nifty 50,2026-02-16,18078.240148225792
Nifty 50,2026-02-17,17953.24893554104
Nifty 50,2026-02-18,18100.587447035272
Nifty 50,2026-02-19,17988.045761565634
Nifty 50,2026-02-20,17989.45748534678
Nifty 50,2026-02-23,18071.130557703586
Nifty 50,2026-02-24,18416.077441433397
Nifty 50,2026-02-25,18432.821518224056
Nifty 50,2026-02-26,18504.2131817126
Nifty 50,2026-02-27,18201.611949094164
Nifty 50,2026-03-02,18197.726427850263
Nifty 50,2026-03-03,18205.66171840011
Nifty 50,2026-03-04,18107.793823505024
Nifty 50,2026-03-05,18119.28373591209
Nifty 50,2026-03-06,18128.454535295623
Nifty 50,2026-03-09,18185.33794859328
Nifty 50,2026-03-10,18639.181863106474
Nifty 50,2026-03-11,18816.735883571884
Nifty 50,2026-03-12,19069.431459883694
Nifty 50,2026-03-13,19079.667683028933
Nifty 50,2026-03-16,19256.06912318288
Nifty 50,2026-03-17,18998.317621141086
Nifty 50,2026-03-18,19078.49349302734
Nifty 50,2026-03-19,19334.93777513565
Nifty 50,2026-03-20,19392.26608063071
Nifty 50,2026-03-23,19461.195982847727
Nifty 50,2026-03-24,19284.102404808757
Nifty 50,2026-03-25,19347.61682385292
Nifty 50,2026-03-26,19431.162419641496
Nifty 50,2026-03-27,19662.924487044776
Nifty 50,2026-03-30,19273.290742506582
Nifty 50,2026-03-31,19455.86036538917
Nifty 50,2026-04-01,19276.458912602942
Nifty 50,2026-04-02,19316.42063788348
Nifty 50,2026-04-03,19291.04880514756
Nifty 50,2026-04-06,19248.93500349321
Nifty 50,2026-04-07,19378.440405285342
Nifty 50,2026-04-08,19173.34273714431
Nifty 50,2026-04-09,19383.8493398782
Nifty 50,2026-04-10,19595.122677673346
Nifty 50,2026-04-13,19647.595466651557
Nifty 50,2026-04-14,20066.58612414655
Nifty 50,2026-04-15,20204.16596465612
Nifty 50,2026-04-16,20217.17576057837
Nifty 50,2026-04-17,20278.87146842671
Nifty 50,2026-04-20,20492.032378733657
Nifty 50,2026-04-21,20613.78921192201
Nifty 50,2026-04-22,20346.486536243647
Nifty 50,2026-04-23,20321.44726779608
Nifty 50,2026-04-24,20067.44401626935
Nifty 50,2026-04-27,20044.91095154729
Nifty 50,2026-04-28,19896.77903761668
Nifty 50,2026-04-29,20047.733456204016
Nifty 50,2026-04-30,20000.775784738507
Nifty 50,2026-05-01,19727.539508031437
Nifty 50,2026-05-04,19935.56113410418
Nifty 50,2026-05-05,20118.700799045197
Nifty 50,2026-05-06,19791.37927326877
Nifty 50,2026-05-07,19515.48196202392
Nifty 50,2026-05-08,19257.23568485274
Nifty 50,2026-05-11,19190.73683626414
Nifty 50,2026-05-12,19488.22569851021
Nifty 50,2026-05-13,19299.145829121324
Nifty 50,2026-05-14,19151.9497064894
Nifty 50,2026-05-15,19093.952651763026
Nifty 50,2026-05-18,19205.595415851167
Nifty 50,2026-05-19,19205.782291048657
Nifty 50,2026-05-20,18827.70126327783
Nifty 50,2026-05-21,18847.31418099725
Nifty 50,2026-05-22,18624.891209825157
Nifty 50,2026-05-25,18796.60550121317
Nifty 50,2026-05-26,18862.91999665097
Nifty 50,2026-05-27,19089.57672499595
Nifty 50,2026-05-28,18991.531721436128
Nifty 50,2026-05-29,19130.781142531167
Nifty 100,2022-01-03,18000.0
Nifty 100,2022-01-04,17723.12653682225
Nifty 100,2022-01-05,17624.427075630927
Nifty 100,2022-01-06,17449.94521702133
Nifty 100,2022-01-07,17222.15130508025
Nifty 100,2022-01-10,16895.551012953114
Nifty 100,2022-01-11,16915.448354284228
Nifty 100,2022-01-12,16842.834070982484
Nifty 100,2022-01-13,16890.83470050623
Nifty 100,2022-01-14,16940.626262769383
Nifty 100,2022-01-17,16566.648051401717
Nifty 100,2022-01-18,16692.134084686546
Nifty 100,2022-01-19,16270.401616765455
Nifty 100,2022-01-20,16209.42604831155
Nifty 100,2022-01-21,16207.346501573502
Nifty 100,2022-01-24,16042.577941900649
Nifty 100,2022-01-25,16100.76787721105
Nifty 100,2022-01-26,16275.598369382424
Nifty 100,2022-01-27,16291.77613683769
Nifty 100,2022-01-28,16582.652793463723
Nifty 100,2022-01-31,16563.105097455085
Nifty 100,2022-02-01,16683.37488825932
Nifty 100,2022-02-02,16779.062116190642
Nifty 100,2022-02-03,16574.672872283223
Nifty 100,2022-02-04,16629.25826756851
Nifty 100,2022-02-07,16740.84609098941
Nifty 100,2022-02-08,16633.049832780005
Nifty 100,2022-02-09,16839.67738339078
Nifty 100,2022-02-10,16745.23418532216
Nifty 100,2022-02-11,16794.287067701214
Nifty 100,2022-02-14,16931.783721254043
Nifty 100,2022-02-15,16852.678790340753
Nifty 100,2022-02-16,16721.12161416028
Nifty 100,2022-02-17,16714.843913535668
Nifty 100,2022-02-18,16592.088346726843
Nifty 100,2022-02-21,16980.314137072277
Nifty 100,2022-02-22,16873.490737428714
Nifty 100,2022-02-23,16952.829693296346
Nifty 100,2022-02-24,16910.867759096356
Nifty 100,2022-02-25,16704.158949560642
Nifty 100,2022-02-28,16627.7729041288
Nifty 100,2022-03-01,16412.839909552236
Nifty 100,2022-03-02,16414.32691329122
Nifty 100,2022-03-03,16259.712586918497
Nifty 100,2022-03-04,16261.643716891327
Nifty 100,2022-03-07,16566.24475243836
Nifty 100,2022-03-08,16562.367324344777
Nifty 100,2022-03-09,16578.846905328155
Nifty 100,2022-03-10,16485.564497223495
Nifty 100,2022-03-11,16643.721081583186
Nifty 100,2022-03-14,16408.487801699008
Nifty 100,2022-03-15,16502.47507383255
Nifty 100,2022-03-16,16459.14770601204
Nifty 100,2022-03-17,16433.499013364213
Nifty 100,2022-03-18,16267.823272234868
Nifty 100,2022-03-21,16541.831855291202
Nifty 100,2022-03-22,16803.839630709826
Nifty 100,2022-03-23,16592.86612725964
Nifty 100,2022-03-24,16701.347824746907
Nifty 100,2022-03-25,16665.36149949301
Nifty 100,2022-03-28,16690.989149260742
Nifty 100,2022-03-29,16737.018042425767
Nifty 100,2022-03-30,16879.88118661743
Nifty 100,2022-03-31,16894.8155312822
Nifty 100,2022-04-01,16713.66763771961
Nifty 100,2022-04-04,16497.953164146762
Nifty 100,2022-04-05,16533.4595797699
Nifty 100,2022-04-06,16471.31601282327
Nifty 100,2022-04-07,16353.000531639416
Nifty 100,2022-04-08,16187.987095658124
Nifty 100,2022-04-11,16017.953447762846
Nifty 100,2022-04-12,16226.082547788004
Nifty 100,2022-04-13,16420.738520808143
Nifty 100,2022-04-14,16636.36877488414
Nifty 100,2022-04-15,16834.134979161445
Nifty 100,2022-04-18,17119.78326397792
Nifty 100,2022-04-19,17047.557231554903
Nifty 100,2022-04-20,17198.602132256838
Nifty 100,2022-04-21,17300.912518982877
Nifty 100,2022-04-22,17477.315046496486
Nifty 100,2022-04-25,17295.527142453353
Nifty 100,2022-04-26,17084.461345985528
Nifty 100,2022-04-27,16810.6230058626
Nifty 100,2022-04-28,16978.353891100967
Nifty 100,2022-04-29,16779.318414826022
Nifty 100,2022-05-02,16601.765708548584
Nifty 100,2022-05-03,16471.068794691706
Nifty 100,2022-05-04,16438.831613987895
Nifty 100,2022-05-05,16510.267059136575
Nifty 100,2022-05-06,16570.594264270836
Nifty 100,2022-05-09,16563.749380128516
Nifty 100,2022-05-10,16509.76484183734
Nifty 100,2022-05-11,16397.915789879353
Nifty 100,2022-05-12,16276.75625498566
Nifty 100,2022-05-13,16056.221502740764
Nifty 100,2022-05-16,15897.692813789054
Nifty 100,2022-05-17,16263.055021365852
Nifty 100,2022-05-18,16415.48497219099
Nifty 100,2022-05-19,16280.84693022478
Nifty 100,2022-05-20,16583.02124857668
Nifty 100,2022-05-23,16394.080351453755
Nifty 100,2022-05-24,16350.252365623372
Nifty 100,2022-05-25,16493.00907297467
Nifty 100,2022-05-26,16452.10070456986
Nifty 100,2022-05-27,16235.416939603345
Nifty 100,2022-05-30,16215.246254190051
Nifty 100,2022-05-31,15940.421201951163
Nifty 100,2022-06-01,16051.92951667706
Nifty 100,2022-06-02,16167.691875413972
Nifty 100,2022-06-03,16237.176759961489
Nifty 100,2022-06-06,16139.00367440262
Nifty 100,2022-06-07,16167.395642380656
Nifty 100,2022-06-08,15977.057709869929
Nifty 100,2022-06-09,15557.46249601464
Nifty 100,2022-06-10,15528.45932875673
Nifty 100,2022-06-13,15459.821442264682
Nifty 100,2022-06-14,15753.230243513946
Nifty 100,2022-06-15,15604.509891731044
Nifty 100,2022-06-16,15421.563945536864
Nifty 100,2022-06-17,15254.602949576758
Nifty 100,2022-06-20,15462.231791131986
Nifty 100,2022-06-21,15156.437838166572
Nifty 100,2022-06-22,15413.751017814386
Nifty 100,2022-06-23,15278.564466649175
Nifty 100,2022-06-24,14955.244013506534
Nifty 100,2022-06-27,15136.904696659709
Nifty 100,2022-06-28,14971.698978546598
Nifty 100,2022-06-29,14823.698329159606
Nifty 100,2022-06-30,14910.663475687134
Nifty 100,2022-07-01,14863.915979829912
Nifty 100,2022-07-04,14905.116832782887
Nifty 100,2022-07-05,14534.103432723748
Nifty 100,2022-07-06,14572.882583258104
Nifty 100,2022-07-07,14669.935989845497
Nifty 100,2022-07-08,14496.192637762537
Nifty 100,2022-07-11,14704.89617966852
Nifty 100,2022-07-12,14547.352835864112
Nifty 100,2022-07-13,14604.935938373954
Nifty 100,2022-07-14,14614.235386040948
Nifty 100,2022-07-15,14679.227026967295
Nifty 100,2022-07-18,14436.608776970295
Nifty 100,2022-07-19,14328.922409972616
Nifty 100,2022-07-20,14108.582130829467
Nifty 100,2022-07-21,14150.42907946477
Nifty 100,2022-07-22,13964.0105550156
Nifty 100,2022-07-25,14112.149508881836
Nifty 100,2022-07-26,14153.04068609196
Nifty 100,2022-07-27,14386.675634437386
Nifty 100,2022-07-28,14562.165089659888
Nifty 100,2022-07-29,14364.47963974463
Nifty 100,2022-08-01,14405.650605512155
Nifty 100,2022-08-02,14292.79271320882
Nifty 100,2022-08-03,13847.863220866237
Nifty 100,2022-08-04,14066.342063347862
Nifty 100,2022-08-05,14114.606718284644
Nifty 100,2022-08-08,14107.249986139142
Nifty 100,2022-08-09,14094.204171907048
Nifty 100,2022-08-10,14146.946649123469
Nifty 100,2022-08-11,14128.711596926105
Nifty 100,2022-08-12,13932.09895889059
Nifty 100,2022-08-15,13812.557572787571
Nifty 100,2022-08-16,13630.965506674596
Nifty 100,2022-08-17,13684.29069472977
Nifty 100,2022-08-18,13531.729638571362
Nifty 100,2022-08-19,13533.244941559278
Nifty 100,2022-08-22,13727.678013812656
Nifty 100,2022-08-23,13627.699630382143
Nifty 100,2022-08-24,13556.011230873954
Nifty 100,2022-08-25,13352.15701422611
Nifty 100,2022-08-26,13530.510667224087
Nifty 100,2022-08-29,13329.135882760673
Nifty 100,2022-08-30,13201.89600246613
Nifty 100,2022-08-31,13162.040997623462
Nifty 100,2022-09-01,13306.458031045751
Nifty 100,2022-09-02,13326.347731428225
Nifty 100,2022-09-05,13402.194438143635
Nifty 100,2022-09-06,13669.066610670723
Nifty 100,2022-09-07,13704.500822318678
Nifty 100,2022-09-08,13638.10241272353
Nifty 100,2022-09-09,13502.564918324077
Nifty 100,2022-09-12,13663.777239175435
Nifty 100,2022-09-13,13463.860893647436
Nifty 100,2022-09-14,13404.0574477761
Nifty 100,2022-09-15,13297.095035450791
Nifty 100,2022-09-16,13178.096276841716
Nifty 100,2022-09-19,13055.991796180138
Nifty 100,2022-09-20,12884.045931543536
Nifty 100,2022-09-21,13053.105610780052
Nifty 100,2022-09-22,13396.207115077375
Nifty 100,2022-09-23,13681.101746688457
Nifty 100,2022-09-26,13684.665792144306
Nifty 100,2022-09-27,13655.378034713476
Nifty 100,2022-09-28,13681.508174943549
Nifty 100,2022-09-29,13565.146590351133
Nifty 100,2022-09-30,13279.675142571064
Nifty 100,2022-10-03,13332.58093124594
Nifty 100,2022-10-04,13502.101017353389
Nifty 100,2022-10-05,13521.656542355371
Nifty 100,2022-10-06,13462.25889008302
Nifty 100,2022-10-07,13423.599811684067
Nifty 100,2022-10-10,13367.873768744175
Nifty 100,2022-10-11,13455.403254998648
Nifty 100,2022-10-12,13458.654926266545
Nifty 100,2022-10-13,13673.403463109516
Nifty 100,2022-10-14,13678.137580598126
Nifty 100,2022-10-17,13789.27304819235
Nifty 100,2022-10-18,13648.434974187478
Nifty 100,2022-10-19,13698.936727612425
Nifty 100,2022-10-20,13795.040934035029
Nifty 100,2022-10-21,13715.86674680875
Nifty 100,2022-10-24,13412.583235893457
Nifty 100,2022-10-25,13543.55950246171
Nifty 100,2022-10-26,13595.40641679684
Nifty 100,2022-10-27,13367.02263102459
Nifty 100,2022-10-28,13162.560113239082
Nifty 100,2022-10-31,12989.3371126584
Nifty 100,2022-11-01,12993.394312348695
Nifty 100,2022-11-02,13147.171275150276
Nifty 100,2022-11-03,13449.75602500961
Nifty 100,2022-11-04,13527.439153623603
Nifty 100,2022-11-07,13753.212847794972
Nifty 100,2022-11-08,13810.062657490602
Nifty 100,2022-11-09,13795.500841397396
Nifty 100,2022-11-10,13992.529165452435
Nifty 100,2022-11-11,13734.706464194867
Nifty 100,2022-11-14,14137.425108112231
Nifty 100,2022-11-15,14174.238990152437
Nifty 100,2022-11-16,14254.917359410509
Nifty 100,2022-11-17,14012.991738854107
Nifty 100,2022-11-18,14322.97007001862
Nifty 100,2022-11-21,14103.938093139432
Nifty 100,2022-11-22,14116.661142132856
Nifty 100,2022-11-23,14013.526439412864
Nifty 100,2022-11-24,14108.900499590914
Nifty 100,2022-11-25,14285.967983131952
Nifty 100,2022-11-28,14397.790979096955
Nifty 100,2022-11-29,14286.68492662873
Nifty 100,2022-11-30,14148.523618445672
Nifty 100,2022-12-01,14202.478749560269
Nifty 100,2022-12-02,14263.878128969774
Nifty 100,2022-12-05,14266.143409041648
Nifty 100,2022-12-06,14229.715120543144
Nifty 100,2022-12-07,14079.135688930708
Nifty 100,2022-12-08,14124.488581068574
Nifty 100,2022-12-09,14013.83179041067
Nifty 100,2022-12-12,13748.988633421186
Nifty 100,2022-12-13,13471.02927437129
Nifty 100,2022-12-14,13629.20072465693
Nifty 100,2022-12-15,13547.6138598893
Nifty 100,2022-12-16,13624.170938211364
Nifty 100,2022-12-19,13611.039192724122
Nifty 100,2022-12-20,13783.22170495578
Nifty 100,2022-12-21,13949.068182559156
Nifty 100,2022-12-22,13841.707143814609
Nifty 100,2022-12-23,13703.217530228318
Nifty 100,2022-12-26,13733.837417180372
Nifty 100,2022-12-27,13457.40560779981
Nifty 100,2022-12-28,13499.218734198446
Nifty 100,2022-12-29,13284.32604008589
Nifty 100,2022-12-30,13356.552815994408
Nifty 100,2023-01-02,13362.871136298958
Nifty 100,2023-01-03,13510.89222569484
Nifty 100,2023-01-04,13469.282093533697
Nifty 100,2023-01-05,13511.613459535329
Nifty 100,2023-01-06,13594.97332076158
Nifty 100,2023-01-09,13660.114900025446
Nifty 100,2023-01-10,13446.006344998405
Nifty 100,2023-01-11,13228.252263946048
Nifty 100,2023-01-12,13375.41851191767
Nifty 100,2023-01-13,13339.84541347218
Nifty 100,2023-01-16,13361.638851004176
Nifty 100,2023-01-17,13289.212955248264
Nifty 100,2023-01-18,13499.568861663472
Nifty 100,2023-01-19,13590.656378060688
Nifty 100,2023-01-20,13829.29392869681
Nifty 100,2023-01-23,13810.562027534555
Nifty 100,2023-01-24,13718.2048275001
Nifty 100,2023-01-25,13745.035514272757
Nifty 100,2023-01-26,13720.2817116507
Nifty 100,2023-01-27,13361.93177407412
Nifty 100,2023-01-30,13503.238396555418
Nifty 100,2023-01-31,13432.886992087526
Nifty 100,2023-02-01,13351.817021248711
Nifty 100,2023-02-02,13303.9750582211
Nifty 100,2023-02-03,13141.639038077265
Nifty 100,2023-02-06,13200.80965199899
Nifty 100,2023-02-07,13428.9331880704
Nifty 100,2023-02-08,13525.38335676752
Nifty 100,2023-02-09,13639.57808711296
Nifty 100,2023-02-10,13719.959995403162
Nifty 100,2023-02-13,14043.673187721904
Nifty 100,2023-02-14,13906.166133944089
Nifty 100,2023-02-15,13960.407333811838
Nifty 100,2023-02-16,13835.270893939722
Nifty 100,2023-02-17,13495.71423260285
Nifty 100,2023-02-20,13412.469057763095
Nifty 100,2023-02-21,13303.63830883472
Nifty 100,2023-02-22,13086.855869937328
Nifty 100,2023-02-23,13371.25740789778
Nifty 100,2023-02-24,13589.604943477148
Nifty 100,2023-02-27,13497.54842829443
Nifty 100,2023-02-28,13512.706425688908
Nifty 100,2023-03-01,13480.30961320918
Nifty 100,2023-03-02,13550.098241666516
Nifty 100,2023-03-03,13204.342044375857
Nifty 100,2023-03-06,13070.484144768434
Nifty 100,2023-03-07,13203.01620006897
Nifty 100,2023-03-08,13076.4926011103
Nifty 100,2023-03-09,13166.331473228152
Nifty 100,2023-03-10,13174.177152253733
Nifty 100,2023-03-13,13609.533250161723
Nifty 100,2023-03-14,13497.46863170153
Nifty 100,2023-03-15,13415.644610644327
Nifty 100,2023-03-16,13385.263239365166
Nifty 100,2023-03-17,13394.684608101108
Nifty 100,2023-03-20,13392.838322517531
Nifty 100,2023-03-21,13384.239110785022
Nifty 100,2023-03-22,13282.879564743766
Nifty 100,2023-03-23,13262.009628508496
Nifty 100,2023-03-24,13120.951361870437
Nifty 100,2023-03-27,13238.650953207218
Nifty 100,2023-03-28,13233.2017353965
Nifty 100,2023-03-29,13038.238152952868
Nifty 100,2023-03-30,13155.367680409789
Nifty 100,2023-03-31,13324.60009075176
Nifty 100,2023-04-03,13375.819266191616
Nifty 100,2023-04-04,13315.075710529858
Nifty 100,2023-04-05,13180.207814104746
Nifty 100,2023-04-06,13398.910622016934
Nifty 100,2023-04-07,13346.94550399146
Nifty 100,2023-04-10,13445.176539722434
Nifty 100,2023-04-11,13675.519345373456
Nifty 100,2023-04-12,13890.33541721367
Nifty 100,2023-04-13,14045.29548791479
Nifty 100,2023-04-14,13808.472894725744
Nifty 100,2023-04-17,13722.093757903818
Nifty 100,2023-04-18,13787.952651394342
Nifty 100,2023-04-19,13495.05315540887
Nifty 100,2023-04-20,13618.60240510058
Nifty 100,2023-04-21,13530.754882080964
Nifty 100,2023-04-24,13608.433699225989
Nifty 100,2023-04-25,13850.573834489014
Nifty 100,2023-04-26,14274.340822438806
Nifty 100,2023-04-27,14249.950096042385
Nifty 100,2023-04-28,14052.417246646522
Nifty 100,2023-05-01,13848.486779742529
Nifty 100,2023-05-02,13724.72958329158
Nifty 100,2023-05-03,13469.024226727628
Nifty 100,2023-05-04,13552.991738055996
Nifty 100,2023-05-05,13350.042452616472
Nifty 100,2023-05-08,13547.481826890158
Nifty 100,2023-05-09,13544.754407024964
Nifty 100,2023-05-10,13425.920439123183
Nifty 100,2023-05-11,13379.127658723466
Nifty 100,2023-05-12,13278.60924024631
Nifty 100,2023-05-15,13249.619417184227
Nifty 100,2023-05-16,13185.946611642845
Nifty 100,2023-05-17,13186.42648878366
Nifty 100,2023-05-18,13281.701790035238
Nifty 100,2023-05-19,13281.826830593982
Nifty 100,2023-05-22,13240.466235604335
Nifty 100,2023-05-23,13187.808579665549
Nifty 100,2023-05-24,13163.309890312
Nifty 100,2023-05-25,13345.099557518755
Nifty 100,2023-05-26,13337.197933345467
Nifty 100,2023-05-29,13262.27698909652
Nifty 100,2023-05-30,13385.641182086536
Nifty 100,2023-05-31,13421.523819774891
Nifty 100,2023-06-01,13339.883670432146
Nifty 100,2023-06-02,13200.591634238965
Nifty 100,2023-06-05,13183.100554626712
Nifty 100,2023-06-06,13271.626457655611
Nifty 100,2023-06-07,13275.075826173064
Nifty 100,2023-06-08,13240.66594524112
Nifty 100,2023-06-09,13404.898910781743
Nifty 100,2023-06-12,13566.138105346405
Nifty 100,2023-06-13,13509.584583965136
Nifty 100,2023-06-14,13391.859795652206
Nifty 100,2023-06-15,13515.97900431464
Nifty 100,2023-06-16,13563.390985995364
Nifty 100,2023-06-19,13459.628797599677
Nifty 100,2023-06-20,13828.698202301135
Nifty 100,2023-06-21,13667.30506740424
Nifty 100,2023-06-22,13826.800738205207
Nifty 100,2023-06-23,13743.308306043204
Nifty 100,2023-06-26,13748.993617651551
Nifty 100,2023-06-27,13568.794881792252
Nifty 100,2023-06-28,13650.413290139151
Nifty 100,2023-06-29,13638.732985265797
Nifty 100,2023-06-30,13476.163167389272
Nifty 100,2023-07-03,13378.7924069543
Nifty 100,2023-07-04,13576.410358433764
Nifty 100,2023-07-05,13345.19661943267
Nifty 100,2023-07-06,13456.285178872204
Nifty 100,2023-07-07,13623.222764414792
Nifty 100,2023-07-10,13669.606967677912
Nifty 100,2023-07-11,13820.807638577911
Nifty 100,2023-07-12,13804.444347034125
Nifty 100,2023-07-13,14023.268237474504
Nifty 100,2023-07-14,14118.182576968044
Nifty 100,2023-07-17,13978.082185530297
Nifty 100,2023-07-18,14058.373834101976
Nifty 100,2023-07-19,14140.388419545056
Nifty 100,2023-07-20,14161.161549499231
Nifty 100,2023-07-21,14030.563138123453
Nifty 100,2023-07-24,13978.24427723282
Nifty 100,2023-07-25,13852.072428511414
Nifty 100,2023-07-26,13706.975831610818
Nifty 100,2023-07-27,13774.589996494698
Nifty 100,2023-07-28,13701.464500157415
Nifty 100,2023-07-31,13641.73162712716
Nifty 100,2023-08-01,13608.173786265766
Nifty 100,2023-08-02,13718.241951408454
Nifty 100,2023-08-03,13771.560300401292
Nifty 100,2023-08-04,13721.897635679032
Nifty 100,2023-08-07,13627.217186560863
Nifty 100,2023-08-08,13409.603125597849
Nifty 100,2023-08-09,13736.413086464412
Nifty 100,2023-08-10,13761.951947304193
Nifty 100,2023-08-11,13815.542617367835
Nifty 100,2023-08-14,13952.65529819485
Nifty 100,2023-08-15,13974.055214995837
Nifty 100,2023-08-16,13925.529464506182
Nifty 100,2023-08-17,14002.7882117219
Nifty 100,2023-08-18,14181.47169529276
Nifty 100,2023-08-21,13986.0787202928
Nifty 100,2023-08-22,13968.92228951677
Nifty 100,2023-08-23,13919.96357544645
Nifty 100,2023-08-24,13763.078304482877
Nifty 100,2023-08-25,13734.7193262068
Nifty 100,2023-08-28,14018.751283220196
Nifty 100,2023-08-29,14057.513796068471
Nifty 100,2023-08-30,13838.630351825148
Nifty 100,2023-08-31,13887.543122756431
Nifty 100,2023-09-01,14106.683989071646
Nifty 100,2023-09-04,14170.25922099794
Nifty 100,2023-09-05,14090.588905055069
Nifty 100,2023-09-06,14304.586947965025
Nifty 100,2023-09-07,14326.855443638078
Nifty 100,2023-09-08,14540.133772709423
Nifty 100,2023-09-11,14320.071458693094
Nifty 100,2023-09-12,14180.726949467233
Nifty 100,2023-09-13,14010.994375312996
Nifty 100,2023-09-14,14114.347298014582
Nifty 100,2023-09-15,14100.543488963694
Nifty 100,2023-09-18,14142.570025803505
Nifty 100,2023-09-19,14265.960552887074
Nifty 100,2023-09-20,14170.147648914455
Nifty 100,2023-09-21,14052.926045819826
Nifty 100,2023-09-22,13951.8239726805
Nifty 100,2023-09-25,13930.593018006126
Nifty 100,2023-09-26,14107.148411107964
Nifty 100,2023-09-27,14177.21914808915
Nifty 100,2023-09-28,14197.160771285224
Nifty 100,2023-09-29,14097.47982932589
Nifty 100,2023-10-02,14121.610163172532
Nifty 100,2023-10-03,13995.13009263122
Nifty 100,2023-10-04,14037.378042593124
Nifty 100,2023-10-05,14027.305081463535
Nifty 100,2023-10-06,14202.340924823016
Nifty 100,2023-10-09,14087.364180077968
Nifty 100,2023-10-10,14137.627536585936
Nifty 100,2023-10-11,14204.149196720376
Nifty 100,2023-10-12,14166.417770669932
Nifty 100,2023-10-13,14468.276235294392
Nifty 100,2023-10-16,14716.745670569591
Nifty 100,2023-10-17,14846.528208755652
Nifty 100,2023-10-18,14841.540944847024
Nifty 100,2023-10-19,14777.4958727683
Nifty 100,2023-10-20,14802.82661363874
Nifty 100,2023-10-23,14879.162795508311
Nifty 100,2023-10-24,14895.212749099222
Nifty 100,2023-10-25,15156.357125498553
Nifty 100,2023-10-26,15352.753303618383
Nifty 100,2023-10-27,15633.357311990105
Nifty 100,2023-10-30,15779.481697070118
Nifty 100,2023-10-31,15622.151637811508
Nifty 100,2023-11-01,15728.861373792131
Nifty 100,2023-11-02,15726.885856932622
Nifty 100,2023-11-03,15884.78663005694
Nifty 100,2023-11-06,15923.37762138869
Nifty 100,2023-11-07,16075.021761244036
Nifty 100,2023-11-08,15853.12270115457
Nifty 100,2023-11-09,15824.01012421575
Nifty 100,2023-11-10,15816.465453121777
Nifty 100,2023-11-13,15721.116305815682
Nifty 100,2023-11-14,15664.6773038725
Nifty 100,2023-11-15,15929.859002767083
Nifty 100,2023-11-16,15792.795738374936
Nifty 100,2023-11-17,15681.43166618791
Nifty 100,2023-11-20,15527.125415572478
Nifty 100,2023-11-21,15696.27576298646
Nifty 100,2023-11-22,15571.087395920777
Nifty 100,2023-11-23,15556.42474641893
Nifty 100,2023-11-24,15643.946046687264
Nifty 100,2023-11-27,15758.942440985837
Nifty 100,2023-11-28,15404.81951443015
Nifty 100,2023-11-29,15458.20567479843
Nifty 100,2023-11-30,15182.80866044342
Nifty 100,2023-12-01,14979.36821184404
Nifty 100,2023-12-04,15003.281148711994
Nifty 100,2023-12-05,15059.186313661754
Nifty 100,2023-12-06,14957.41634190513
Nifty 100,2023-12-07,14925.801430703685
Nifty 100,2023-12-08,14825.339051661012
Nifty 100,2023-12-11,15136.523606040062
Nifty 100,2023-12-12,15105.068532812167
Nifty 100,2023-12-13,15061.289377292487
Nifty 100,2023-12-14,15167.534618904929
Nifty 100,2023-12-15,15140.776003520494
Nifty 100,2023-12-18,15056.77094087342
Nifty 100,2023-12-19,15027.4255008931
Nifty 100,2023-12-20,14833.77091386357
Nifty 100,2023-12-21,14605.40054546874
Nifty 100,2023-12-22,14871.59592104722
Nifty 100,2023-12-25,15041.105409097629
Nifty 100,2023-12-26,14940.49932913378
Nifty 100,2023-12-27,14802.86859336085
Nifty 100,2023-12-28,14875.545296867338
Nifty 100,2023-12-29,14850.210375589377
Nifty 100,2024-01-01,14888.76696893124
Nifty 100,2024-01-02,14978.021029353931
Nifty 100,2024-01-03,14894.016671889854
Nifty 100,2024-01-04,14720.98005794001
Nifty 100,2024-01-05,14703.37356245585
Nifty 100,2024-01-08,14615.73761055995
Nifty 100,2024-01-09,14590.943089951495
Nifty 100,2024-01-10,14544.087423859277
Nifty 100,2024-01-11,14582.370185537971
Nifty 100,2024-01-12,14839.33081831895
Nifty 100,2024-01-15,14791.764123158247
Nifty 100,2024-01-16,14645.149231744932
Nifty 100,2024-01-17,14716.30333358868
Nifty 100,2024-01-18,14552.095446830594
Nifty 100,2024-01-19,14612.385278078034
Nifty 100,2024-01-22,14822.277629659242
Nifty 100,2024-01-23,14668.740753244403
Nifty 100,2024-01-24,14781.271961224322
Nifty 100,2024-01-25,14841.02352455372
Nifty 100,2024-01-26,14941.17877724491
Nifty 100,2024-01-29,14992.467150740817
Nifty 100,2024-01-30,15047.938140449984
Nifty 100,2024-01-31,15189.374572366827
Nifty 100,2024-02-01,15331.486269420047
Nifty 100,2024-02-02,15135.9862259114
Nifty 100,2024-02-05,15057.683799327611
Nifty 100,2024-02-06,14863.6570861061
Nifty 100,2024-02-07,15062.277558974049
Nifty 100,2024-02-08,14659.159361869157
Nifty 100,2024-02-09,14588.067020504952
Nifty 100,2024-02-12,14714.18633196961
Nifty 100,2024-02-13,14903.097170576348
Nifty 100,2024-02-14,14958.737210298288
Nifty 100,2024-02-15,14829.197261204314
Nifty 100,2024-02-16,14690.315703128068
Nifty 100,2024-02-19,14788.840472106083
Nifty 100,2024-02-20,14658.300773483968
Nifty 100,2024-02-21,14934.88964654759
Nifty 100,2024-02-22,14862.136591068149
Nifty 100,2024-02-23,14727.718365709672
Nifty 100,2024-02-26,14694.565297337003
Nifty 100,2024-02-27,14711.416513705884
Nifty 100,2024-02-28,14818.964753543443
Nifty 100,2024-02-29,14844.982221848884
Nifty 100,2024-03-01,14581.0026164972
Nifty 100,2024-03-04,14696.323858295986
Nifty 100,2024-03-05,14582.240753091835
Nifty 100,2024-03-06,14687.970260944909
Nifty 100,2024-03-07,14783.89098476955
Nifty 100,2024-03-08,14812.819228658009
Nifty 100,2024-03-11,15083.216762448828
Nifty 100,2024-03-12,14896.431624294826
Nifty 100,2024-03-13,15146.540566357007
Nifty 100,2024-03-14,15131.57569947746
Nifty 100,2024-03-15,15244.304209365066
Nifty 100,2024-03-18,15079.11975923106
Nifty 100,2024-03-19,15131.26299965657
Nifty 100,2024-03-20,15291.32295617908
Nifty 100,2024-03-21,15416.273474230178
Nifty 100,2024-03-22,15561.455079364936
Nifty 100,2024-03-25,15585.6217229711
Nifty 100,2024-03-26,15738.155803651034
Nifty 100,2024-03-27,16054.125787847706
Nifty 100,2024-03-28,16185.814984346154
Nifty 100,2024-03-29,16119.254045737349
Nifty 100,2024-04-01,15800.824109029125
Nifty 100,2024-04-02,15850.417697049055
Nifty 100,2024-04-03,15726.65649166007
Nifty 100,2024-04-04,15537.555903606004
Nifty 100,2024-04-05,15553.077258413532
Nifty 100,2024-04-08,15633.781690476497
Nifty 100,2024-04-09,15670.097044810253
Nifty 100,2024-04-10,15804.66930126693
Nifty 100,2024-04-11,15737.55762964749
Nifty 100,2024-04-12,15728.700502995884
Nifty 100,2024-04-15,15868.49214699305
Nifty 100,2024-04-16,15801.907229600783
Nifty 100,2024-04-17,16047.16923493673
Nifty 100,2024-04-18,16058.638304202044
Nifty 100,2024-04-19,15994.77722886729
Nifty 100,2024-04-22,15859.85523554917
Nifty 100,2024-04-23,15889.374236739068
Nifty 100,2024-04-24,15802.593804392653
Nifty 100,2024-04-25,15775.9131975621
Nifty 100,2024-04-26,16083.241222946834
Nifty 100,2024-04-29,16048.783147958957
Nifty 100,2024-04-30,16289.07315397056
Nifty 100,2024-05-01,16326.136759796243
Nifty 100,2024-05-02,16508.313708004607
Nifty 100,2024-05-03,16653.923586017616
Nifty 100,2024-05-06,16852.975239531002
Nifty 100,2024-05-07,17004.0730623652
Nifty 100,2024-05-08,16895.10296339861
Nifty 100,2024-05-09,16897.708138488357
Nifty 100,2024-05-10,16806.764505648534
Nifty 100,2024-05-13,16993.826956886292
Nifty 100,2024-05-14,17024.21378820591
Nifty 100,2024-05-15,17486.146288758307
Nifty 100,2024-05-16,17428.95141299004
Nifty 100,2024-05-17,17128.499382391463
Nifty 100,2024-05-20,17024.76195424838
Nifty 100,2024-05-21,16591.493110905154
Nifty 100,2024-05-22,16510.91911110237
Nifty 100,2024-05-23,16129.879216857753
Nifty 100,2024-05-24,16153.79312339924
Nifty 100,2024-05-27,16118.253178052571
Nifty 100,2024-05-28,15935.08478365798
Nifty 100,2024-05-29,15808.865132660374
Nifty 100,2024-05-30,15711.765130905327
Nifty 100,2024-05-31,15622.611265973304
Nifty 100,2024-06-03,15640.604257236864
Nifty 100,2024-06-04,15721.935200744583
Nifty 100,2024-06-05,15783.33822939797
Nifty 100,2024-06-06,15841.682555394184
Nifty 100,2024-06-07,15697.980835357075
Nifty 100,2024-06-10,15933.098856290662
Nifty 100,2024-06-11,15912.872298113556
Nifty 100,2024-06-12,15925.68697391609
Nifty 100,2024-06-13,16154.072940337112
Nifty 100,2024-06-14,15778.792200797863
Nifty 100,2024-06-17,15555.928528212691
Nifty 100,2024-06-18,15404.584724211703
Nifty 100,2024-06-19,15457.113270441803
Nifty 100,2024-06-20,15605.879690971671
Nifty 100,2024-06-21,15745.503619490548
Nifty 100,2024-06-24,15734.165054944924
Nifty 100,2024-06-25,15655.860290852632
Nifty 100,2024-06-26,15341.69631440757
Nifty 100,2024-06-27,15446.432370047492
Nifty 100,2024-06-28,15224.491966816626
Nifty 100,2024-07-01,15192.57399343021
Nifty 100,2024-07-02,15146.775675513709
Nifty 100,2024-07-03,15343.380252651106
Nifty 100,2024-07-04,15797.32118953696
Nifty 100,2024-07-05,15518.695477074696
Nifty 100,2024-07-08,15618.547129149969
Nifty 100,2024-07-09,15683.156202945083
Nifty 100,2024-07-10,15721.758661450804
Nifty 100,2024-07-11,15733.72738860795
Nifty 100,2024-07-12,15638.324231845956
Nifty 100,2024-07-15,15502.982404752904
Nifty 100,2024-07-16,15510.666545938337
Nifty 100,2024-07-17,15533.327210381489
Nifty 100,2024-07-18,15420.303887037931
Nifty 100,2024-07-19,15417.822505130403
Nifty 100,2024-07-22,15603.28971914712
Nifty 100,2024-07-23,15736.489524956998
Nifty 100,2024-07-24,15689.259944091173
Nifty 100,2024-07-25,15769.35264343288
Nifty 100,2024-07-26,15847.542963403132
Nifty 100,2024-07-29,15842.126829398578
Nifty 100,2024-07-30,15440.88370767678
Nifty 100,2024-07-31,15618.379435482588
Nifty 100,2024-08-01,15619.020534291609
Nifty 100,2024-08-02,15470.989595031917
Nifty 100,2024-08-05,15343.526577945948
Nifty 100,2024-08-06,15076.740537734078
Nifty 100,2024-08-07,14999.622233538224
Nifty 100,2024-08-08,15130.55837685026
Nifty 100,2024-08-09,15204.392609252256
Nifty 100,2024-08-12,14925.65884611303
Nifty 100,2024-08-13,14686.735379232756
Nifty 100,2024-08-14,14725.621365939289
Nifty 100,2024-08-15,14484.254393636851
Nifty 100,2024-08-16,14431.891447413622
Nifty 100,2024-08-19,14328.630846212414
Nifty 100,2024-08-20,14070.939231179273
Nifty 100,2024-08-21,14416.11483411284
Nifty 100,2024-08-22,14308.858207693103
Nifty 100,2024-08-23,14206.645121350834
Nifty 100,2024-08-26,14138.706900966426
Nifty 100,2024-08-27,14030.376000738805
Nifty 100,2024-08-28,14339.096021649186
Nifty 100,2024-08-29,14364.851645132168
Nifty 100,2024-08-30,14460.901301938937
Nifty 100,2024-09-02,14404.009128350135
Nifty 100,2024-09-03,14743.170853989968
Nifty 100,2024-09-04,14641.697204660712
Nifty 100,2024-09-05,14615.372909980755
Nifty 100,2024-09-06,14500.861339316076
Nifty 100,2024-09-09,14180.104077019589
Nifty 100,2024-09-10,14144.50576938808
Nifty 100,2024-09-11,14174.526722232536
Nifty 100,2024-09-12,14052.234959296278
Nifty 100,2024-09-13,14051.499707025636
Nifty 100,2024-09-16,14024.1315771474
Nifty 100,2024-09-17,13961.468054522153
Nifty 100,2024-09-18,14023.992873497982
Nifty 100,2024-09-19,14012.29081599342
Nifty 100,2024-09-20,13889.974391370986
Nifty 100,2024-09-23,13925.131084552657
Nifty 100,2024-09-24,13725.872418554209
Nifty 100,2024-09-25,13526.58503152906
Nifty 100,2024-09-26,13307.887811286775
Nifty 100,2024-09-27,13200.222576827406
Nifty 100,2024-09-30,13227.666283948549
Nifty 100,2024-10-01,13146.631301352376
Nifty 100,2024-10-02,13019.39402629836
Nifty 100,2024-10-03,12907.72848292651
Nifty 100,2024-10-04,12923.257496647431
Nifty 100,2024-10-07,12892.072510140522
Nifty 100,2024-10-08,12599.305792006297
Nifty 100,2024-10-09,12358.73589222195
Nifty 100,2024-10-10,12484.35717839396
Nifty 100,2024-10-11,12385.701803143447
Nifty 100,2024-10-14,12199.055470071253
Nifty 100,2024-10-15,12447.510436295615
Nifty 100,2024-10-16,12609.697236765422
Nifty 100,2024-10-17,12678.05209516157
Nifty 100,2024-10-18,12741.68456712107
Nifty 100,2024-10-21,12822.575074971011
Nifty 100,2024-10-22,12783.410924999258
Nifty 100,2024-10-23,12645.026399526452
Nifty 100,2024-10-24,12475.053364223017
Nifty 100,2024-10-25,12422.690420028915
Nifty 100,2024-10-28,12522.53272271044
Nifty 100,2024-10-29,12404.271645517005
Nifty 100,2024-10-30,12338.77145361849
Nifty 100,2024-10-31,12148.923819164473
Nifty 100,2024-11-01,12456.218838104682
Nifty 100,2024-11-04,12229.704614606597
Nifty 100,2024-11-05,12147.416477633826
Nifty 100,2024-11-06,12069.721776789973
Nifty 100,2024-11-07,11718.43732629072
Nifty 100,2024-11-08,11745.912394996138
Nifty 100,2024-11-11,11773.38043651117
Nifty 100,2024-11-12,11473.209340798689
Nifty 100,2024-11-13,11352.463588341545
Nifty 100,2024-11-14,11392.920823062934
Nifty 100,2024-11-15,11339.559828223091
Nifty 100,2024-11-18,11397.972052501966
Nifty 100,2024-11-19,11409.26612470779
Nifty 100,2024-11-20,11216.44572469947
Nifty 100,2024-11-21,11234.482301487502
Nifty 100,2024-11-22,11052.40436602991
Nifty 100,2024-11-25,11318.149637455124
Nifty 100,2024-11-26,11248.50283883192
Nifty 100,2024-11-27,11051.18452431584
Nifty 100,2024-11-28,11056.698902272974
Nifty 100,2024-11-29,11268.97721138457
Nifty 100,2024-12-02,11349.999072800998
Nifty 100,2024-12-03,11525.51312181224
Nifty 100,2024-12-04,11487.02032365832
Nifty 100,2024-12-05,11210.808031422504
Nifty 100,2024-12-06,11292.830818468292
Nifty 100,2024-12-09,11293.677404307697
Nifty 100,2024-12-10,11148.336297535005
Nifty 100,2024-12-11,11015.711079871566
Nifty 100,2024-12-12,10886.60522191384
Nifty 100,2024-12-13,10915.74660895442
Nifty 100,2024-12-16,11094.230939102736
Nifty 100,2024-12-17,10978.703883995811
Nifty 100,2024-12-18,11025.83565897736
Nifty 100,2024-12-19,10859.63845380892
Nifty 100,2024-12-20,11026.045654307354
Nifty 100,2024-12-23,10790.360084131127
Nifty 100,2024-12-24,10969.364801463587
Nifty 100,2024-12-25,10989.117454937748
Nifty 100,2024-12-26,11092.5640281999
Nifty 100,2024-12-27,11163.872140853313
Nifty 100,2024-12-30,11142.130930192883
Nifty 100,2024-12-31,11218.873748156751
Nifty 100,2025-01-01,11212.170492956668
Nifty 100,2025-01-02,11295.787534876625
Nifty 100,2025-01-03,11307.666269432584
Nifty 100,2025-01-06,11442.91643657301
Nifty 100,2025-01-07,11467.629276426936
Nifty 100,2025-01-08,11464.168416311006
Nifty 100,2025-01-09,11385.618375410626
Nifty 100,2025-01-10,11572.090730908609
Nifty 100,2025-01-13,11440.51135868178
Nifty 100,2025-01-14,11542.017814594266
Nifty 100,2025-01-15,11622.293029601376
Nifty 100,2025-01-16,11800.801108463214
Nifty 100,2025-01-17,11874.194281863229
Nifty 100,2025-01-20,11651.415906765264
Nifty 100,2025-01-21,11699.966432404146
Nifty 100,2025-01-22,11565.128761164384
Nifty 100,2025-01-23,11782.64403526878
Nifty 100,2025-01-24,11898.2657391026
Nifty 100,2025-01-27,11832.072430068894
Nifty 100,2025-01-28,11790.623433995836
Nifty 100,2025-01-29,11645.01949666072
Nifty 100,2025-01-30,11732.01812887144
Nifty 100,2025-01-31,11756.047746500755
Nifty 100,2025-02-03,11791.521116105334
Nifty 100,2025-02-04,11811.586946085688
Nifty 100,2025-02-05,11775.697490213688
Nifty 100,2025-02-06,11688.620077682965
Nifty 100,2025-02-07,11546.86819355021
Nifty 100,2025-02-10,11770.39764734864
Nifty 100,2025-02-11,11656.866611060666
Nifty 100,2025-02-12,11763.770033841802
Nifty 100,2025-02-13,11765.064485762594
Nifty 100,2025-02-14,11940.635974379233
Nifty 100,2025-02-17,11763.51296712004
Nifty 100,2025-02-18,11827.794901481524
Nifty 100,2025-02-19,11805.120071534951
Nifty 100,2025-02-20,11621.90187231618
Nifty 100,2025-02-21,11803.359776519908
Nifty 100,2025-02-24,11742.72274373191
Nifty 100,2025-02-25,11719.234178521025
Nifty 100,2025-02-26,11758.70241984871
Nifty 100,2025-02-27,11799.61164765243
Nifty 100,2025-02-28,11924.218566643212
Nifty 100,2025-03-03,11876.696902020363
Nifty 100,2025-03-04,11742.392101103256
Nifty 100,2025-03-05,11731.622385749182
Nifty 100,2025-03-06,11745.632131442157
Nifty 100,2025-03-07,11829.697916849793
Nifty 100,2025-03-10,11711.204785618103
Nifty 100,2025-03-11,11424.847637193454
Nifty 100,2025-03-12,11396.819134969906
Nifty 100,2025-03-13,11443.167997755363
Nifty 100,2025-03-14,11252.789097532755
Nifty 100,2025-03-17,11224.908780331543
Nifty 100,2025-03-18,11392.176460285662
Nifty 100,2025-03-19,11239.177120419075
Nifty 100,2025-03-20,11302.130905449889
Nifty 100,2025-03-21,11248.822607321095
Nifty 100,2025-03-24,11257.4054290726
Nifty 100,2025-03-25,11340.068604863622
Nifty 100,2025-03-26,11395.38120566936
Nifty 100,2025-03-27,11600.974419935885
Nifty 100,2025-03-28,11619.534885008434
Nifty 100,2025-03-31,11733.565483571929
Nifty 100,2025-04-01,11739.575626996384
Nifty 100,2025-04-02,11911.056600058568
Nifty 100,2025-04-03,11851.094546770337
Nifty 100,2025-04-04,11803.674577293415
Nifty 100,2025-04-07,11858.503818105308
Nifty 100,2025-04-08,11725.201023685106
Nifty 100,2025-04-09,11777.887076501123
Nifty 100,2025-04-10,11589.837970955366
Nifty 100,2025-04-11,11554.506776799646
Nifty 100,2025-04-14,11647.958388504128
Nifty 100,2025-04-15,11668.44112814199
Nifty 100,2025-04-16,11511.74067496743
Nifty 100,2025-04-17,11431.078199586247
Nifty 100,2025-04-18,11386.941768291224
Nifty 100,2025-04-21,11341.960207435566
Nifty 100,2025-04-22,11193.791659498818
Nifty 100,2025-04-23,11085.790615584408
Nifty 100,2025-04-24,10786.287320378706
Nifty 100,2025-04-25,10787.145966054632
Nifty 100,2025-04-28,10729.384560820889
Nifty 100,2025-04-29,10598.941223862685
Nifty 100,2025-04-30,10627.85039742422
Nifty 100,2025-05-01,10766.118585963615
Nifty 100,2025-05-02,10980.64602165955
Nifty 100,2025-05-05,10899.417176089708
Nifty 100,2025-05-06,10717.08804659072
Nifty 100,2025-05-07,10740.125779945349
Nifty 100,2025-05-08,10840.084721427314
Nifty 100,2025-05-09,10768.252055640109
Nifty 100,2025-05-12,11041.24072292519
Nifty 100,2025-05-13,11031.995522606909
Nifty 100,2025-05-14,11010.85114208024
Nifty 100,2025-05-15,10996.16591793071
Nifty 100,2025-05-16,10910.960702071074
Nifty 100,2025-05-19,10992.346109404803
Nifty 100,2025-05-20,11006.44408088763
Nifty 100,2025-05-21,11035.346628190946
Nifty 100,2025-05-22,11143.321666620996
Nifty 100,2025-05-23,11144.69762663109
Nifty 100,2025-05-26,11151.75092757981
Nifty 100,2025-05-27,11219.366356413524
Nifty 100,2025-05-28,10892.997775742537
Nifty 100,2025-05-29,10800.854828074302
Nifty 100,2025-05-30,10769.550671710387
Nifty 100,2025-06-02,10967.135507961024
Nifty 100,2025-06-03,11100.793090706948
Nifty 100,2025-06-04,11114.2483728627
Nifty 100,2025-06-05,11234.886637873096
Nifty 100,2025-06-06,11240.047951168506
Nifty 100,2025-06-09,11351.848181233558
Nifty 100,2025-06-10,11204.952628843415
Nifty 100,2025-06-11,11161.948113207196
Nifty 100,2025-06-12,11170.230427322773
Nifty 100,2025-06-13,11377.795248681916
Nifty 100,2025-06-16,11429.643822042772
Nifty 100,2025-06-17,11359.314578918587
Nifty 100,2025-06-18,11442.58307823524
Nifty 100,2025-06-19,11572.787345523297
Nifty 100,2025-06-20,11518.505014912813
Nifty 100,2025-06-23,11715.670655933129
Nifty 100,2025-06-24,11820.479052460549
Nifty 100,2025-06-25,11922.095508361092
Nifty 100,2025-06-26,12008.99897940528
Nifty 100,2025-06-27,12054.652664520932
Nifty 100,2025-06-30,11837.4038778842
Nifty 100,2025-07-01,11886.293985581378
Nifty 100,2025-07-02,11981.434501708274
Nifty 100,2025-07-03,12093.432604788946
Nifty 100,2025-07-04,12047.89417904774
Nifty 100,2025-07-07,12155.537824738552
Nifty 100,2025-07-08,12279.2457403211
Nifty 100,2025-07-09,12122.895134318273
Nifty 100,2025-07-10,12133.199122938586
Nifty 100,2025-07-11,12385.375701406989
Nifty 100,2025-07-14,12267.849943552934
Nifty 100,2025-07-15,12430.082672980474
Nifty 100,2025-07-16,12367.408457936654
Nifty 100,2025-07-17,12368.256868758072
Nifty 100,2025-07-18,12432.82542454598
Nifty 100,2025-07-21,12365.559248156218
Nifty 100,2025-07-22,12488.69492180463
Nifty 100,2025-07-23,12623.111393100458
Nifty 100,2025-07-24,12786.377765459489
Nifty 100,2025-07-25,12456.261706669122
Nifty 100,2025-07-28,12419.685628596906
Nifty 100,2025-07-29,12406.443470092026
Nifty 100,2025-07-30,12585.435956969384
Nifty 100,2025-07-31,12730.929023072882
Nifty 100,2025-08-01,12741.261989690074
Nifty 100,2025-08-04,12755.893986140862
Nifty 100,2025-08-05,13059.275968704376
Nifty 100,2025-08-06,12935.36461107844
Nifty 100,2025-08-07,12613.090109374349
Nifty 100,2025-08-08,12489.173483161483
Nifty 100,2025-08-11,12422.675640115596
Nifty 100,2025-08-12,12488.441839651405
Nifty 100,2025-08-13,12411.801819881915
Nifty 100,2025-08-14,12316.21465107074
Nifty 100,2025-08-15,12347.527403076288
Nifty 100,2025-08-18,12536.011170412628
Nifty 100,2025-08-19,12511.947397174636
Nifty 100,2025-08-20,12490.24873089504
Nifty 100,2025-08-21,12733.28475538302
Nifty 100,2025-08-22,12715.842954519683
Nifty 100,2025-08-25,12696.316925725598
Nifty 100,2025-08-26,12773.366906403286
Nifty 100,2025-08-27,12566.4936772084
Nifty 100,2025-08-28,12473.867102180018
Nifty 100,2025-08-29,12406.20555787516
Nifty 100,2025-09-01,12434.54265070324
Nifty 100,2025-09-02,12480.22071936008
Nifty 100,2025-09-03,12625.965421197034
Nifty 100,2025-09-04,12581.185317998526
Nifty 100,2025-09-05,12607.862009531837
Nifty 100,2025-09-08,12569.53709855922
Nifty 100,2025-09-09,12761.636338522265
Nifty 100,2025-09-10,12606.850639323186
Nifty 100,2025-09-11,12644.363070798998
Nifty 100,2025-09-12,12477.71085338275
Nifty 100,2025-09-15,12642.566982959936
Nifty 100,2025-09-16,12750.662429169082
Nifty 100,2025-09-17,12875.865757229614
Nifty 100,2025-09-18,12900.063384868898
Nifty 100,2025-09-19,12751.506794098525
Nifty 100,2025-09-22,13074.245982082048
Nifty 100,2025-09-23,13335.36612700161
Nifty 100,2025-09-24,13402.22920169547
Nifty 100,2025-09-25,13253.081677624568
Nifty 100,2025-09-26,13221.589581337346
Nifty 100,2025-09-29,13222.327173332646
Nifty 100,2025-09-30,13310.263359771025
Nifty 100,2025-10-01,13416.34365601727
Nifty 100,2025-10-02,13365.465156229086
Nifty 100,2025-10-03,13411.192462357243
Nifty 100,2025-10-06,13334.618397975031
Nifty 100,2025-10-07,13481.860421183395
Nifty 100,2025-10-08,13432.121678373396
Nifty 100,2025-10-09,13440.207020572188
Nifty 100,2025-10-10,13433.32832186802
Nifty 100,2025-10-13,13525.967902530476
Nifty 100,2025-10-14,13590.091332773907
Nifty 100,2025-10-15,13721.832889066902
Nifty 100,2025-10-16,13806.438244027971
Nifty 100,2025-10-17,13898.516442971932
Nifty 100,2025-10-20,13994.146039624617
Nifty 100,2025-10-21,13845.59957237136
Nifty 100,2025-10-22,13713.156398294002
Nifty 100,2025-10-23,13572.15373786054
Nifty 100,2025-10-24,13445.314743933246
Nifty 100,2025-10-27,13489.451132157265
Nifty 100,2025-10-28,13464.364816956331
Nifty 100,2025-10-29,13275.810813554945
Nifty 100,2025-10-30,13263.973789196863
Nifty 100,2025-10-31,13062.819205656122
Nifty 100,2025-11-03,13238.838428552015
Nifty 100,2025-11-04,13407.164316978246
Nifty 100,2025-11-05,13333.128730560353
Nifty 100,2025-11-06,13433.454553762567
Nifty 100,2025-11-07,13508.160961029957
Nifty 100,2025-11-10,13522.973519956897
Nifty 100,2025-11-11,13488.357329222274
Nifty 100,2025-11-12,13421.569020097506
Nifty 100,2025-11-13,13417.463071619544
Nifty 100,2025-11-14,13589.58098447061
Nifty 100,2025-11-17,13468.74038802966
Nifty 100,2025-11-18,13644.245663353086
Nifty 100,2025-11-19,13534.590863181396
Nifty 100,2025-11-20,13513.686791079874
Nifty 100,2025-11-21,13571.762989740426
Nifty 100,2025-11-24,13678.168818867927
Nifty 100,2025-11-25,13403.465794155794
Nifty 100,2025-11-26,13417.88462486225
Nifty 100,2025-11-27,13490.275717731016
Nifty 100,2025-11-28,13554.099063464842
Nifty 100,2025-12-01,13735.85450673592
Nifty 100,2025-12-02,13552.26493892907
Nifty 100,2025-12-03,13740.05437661986
Nifty 100,2025-12-04,13734.529932502755
Nifty 100,2025-12-05,13658.951492442768
Nifty 100,2025-12-08,13455.961363202134
Nifty 100,2025-12-09,13627.320355103097
Nifty 100,2025-12-10,13646.989401237108
Nifty 100,2025-12-11,13478.850470343494
Nifty 100,2025-12-12,13327.105406693816
Nifty 100,2025-12-15,13397.033227418113
Nifty 100,2025-12-16,13258.04492540464
Nifty 100,2025-12-17,13415.076154760993
Nifty 100,2025-12-18,13351.766396080831
Nifty 100,2025-12-19,13473.298741282017
Nifty 100,2025-12-22,13609.457714641308
Nifty 100,2025-12-23,13591.800297332922
Nifty 100,2025-12-24,13638.188695275972
Nifty 100,2025-12-25,13389.204234647095
Nifty 100,2025-12-26,13296.322032147464
Nifty 100,2025-12-29,13530.220651472386
Nifty 100,2025-12-30,13821.612227382167
Nifty 100,2025-12-31,13615.628479193849
Nifty 100,2026-01-01,13781.271523030928
Nifty 100,2026-01-02,13668.385705831945
Nifty 100,2026-01-05,13614.430634813383
Nifty 100,2026-01-06,13390.354656449495
Nifty 100,2026-01-07,13371.17059866416
Nifty 100,2026-01-08,13078.251397867038
Nifty 100,2026-01-09,12976.422621847876
Nifty 100,2026-01-12,12832.141663787384
Nifty 100,2026-01-13,13024.915212685222
Nifty 100,2026-01-14,12925.165191111457
Nifty 100,2026-01-15,12879.48900227049
Nifty 100,2026-01-16,12898.755994784036
Nifty 100,2026-01-19,12959.200733178786
Nifty 100,2026-01-20,12785.93581429584
Nifty 100,2026-01-21,12804.79310871552
Nifty 100,2026-01-22,12679.720675963592
Nifty 100,2026-01-23,12856.991408726912
Nifty 100,2026-01-26,13000.753486767624
Nifty 100,2026-01-27,13082.50633426058
Nifty 100,2026-01-28,12811.76528333278
Nifty 100,2026-01-29,12721.203902880005
Nifty 100,2026-01-30,12836.871262230705
Nifty 100,2026-02-02,12797.111567066086
Nifty 100,2026-02-03,12811.649889752662
Nifty 100,2026-02-04,12922.61909432506
Nifty 100,2026-02-05,13064.770307354378
Nifty 100,2026-02-06,13024.476271834694
Nifty 100,2026-02-09,13024.809128875906
Nifty 100,2026-02-10,13123.538685687028
Nifty 100,2026-02-11,12867.134225126236
Nifty 100,2026-02-12,12966.287131704585
Nifty 100,2026-02-13,12890.83152801261
Nifty 100,2026-02-16,12675.824901008284
Nifty 100,2026-02-17,12715.814524395624
Nifty 100,2026-02-18,12828.997869369392
Nifty 100,2026-02-19,12796.587989671005
Nifty 100,2026-02-20,12726.593029044512
Nifty 100,2026-02-23,12647.307460550692
Nifty 100,2026-02-24,12424.812469171064
Nifty 100,2026-02-25,12252.727350507474
Nifty 100,2026-02-26,12250.29983296787
Nifty 100,2026-02-27,12271.483547033273
Nifty 100,2026-03-02,12549.989660685582
Nifty 100,2026-03-03,12597.720995424605
Nifty 100,2026-03-04,12815.294693149232
Nifty 100,2026-03-05,12766.940280459545
Nifty 100,2026-03-06,12879.768685266914
Nifty 100,2026-03-09,12866.946081746828
Nifty 100,2026-03-10,12830.565701360409
Nifty 100,2026-03-11,12968.225929831511
Nifty 100,2026-03-12,12840.042230651146
Nifty 100,2026-03-13,12956.017701903202
Nifty 100,2026-03-16,13154.54330838267
Nifty 100,2026-03-17,13019.86091705629
Nifty 100,2026-03-18,13010.834158763066
Nifty 100,2026-03-19,13119.652812251705
Nifty 100,2026-03-20,13128.79456223614
Nifty 100,2026-03-23,13147.589314380288
Nifty 100,2026-03-24,13331.20338699854
Nifty 100,2026-03-25,13129.242850315575
Nifty 100,2026-03-26,12918.22043755116
Nifty 100,2026-03-27,12937.747190726155
Nifty 100,2026-03-30,12834.843163603044
Nifty 100,2026-03-31,12765.510523321853
Nifty 100,2026-04-01,12467.265616937291
Nifty 100,2026-04-02,12825.812914852677
Nifty 100,2026-04-03,12707.898696623964
Nifty 100,2026-04-06,12420.66726073529
Nifty 100,2026-04-07,12564.838558288538
Nifty 100,2026-04-08,12579.908582089429
Nifty 100,2026-04-09,12724.663927314674
Nifty 100,2026-04-10,12727.350835487288
Nifty 100,2026-04-13,12536.085739105649
Nifty 100,2026-04-14,12575.735571355077
Nifty 100,2026-04-15,12660.063855298951
Nifty 100,2026-04-16,12605.42051430693
Nifty 100,2026-04-17,12834.52752543324
Nifty 100,2026-04-20,12802.836593707632
Nifty 100,2026-04-21,12826.595083086171
Nifty 100,2026-04-22,13073.66691125249
Nifty 100,2026-04-23,13264.295821041162
Nifty 100,2026-04-24,13354.513893466126
Nifty 100,2026-04-27,13645.14346940431
Nifty 100,2026-04-28,13533.04956142145
Nifty 100,2026-04-29,13553.441904011745
Nifty 100,2026-04-30,13368.70841022474
Nifty 100,2026-05-01,13501.07244963882
Nifty 100,2026-05-04,13564.904549336405
Nifty 100,2026-05-05,13528.622940363632
Nifty 100,2026-05-06,13394.160457085794
Nifty 100,2026-05-07,13468.12677379622
Nifty 100,2026-05-08,13507.255618170811
Nifty 100,2026-05-11,13611.554188957258
Nifty 100,2026-05-12,13382.676766804992
Nifty 100,2026-05-13,13237.188918036542
Nifty 100,2026-05-14,13215.640261921097
Nifty 100,2026-05-15,13187.29684387046
Nifty 100,2026-05-18,13339.417592030342
Nifty 100,2026-05-19,13501.3503446648
Nifty 100,2026-05-20,13516.068626880764
Nifty 100,2026-05-21,13630.991419469425
Nifty 100,2026-05-22,13642.27432214426
Nifty 100,2026-05-25,13881.117624819908
Nifty 100,2026-05-26,13900.214217018867
Nifty 100,2026-05-27,13841.612356098023
Nifty 100,2026-05-28,14214.826507473486
Nifty 100,2026-05-29,14118.11989282837
Nifty Midcap 150,2022-01-03,12000.0
Nifty Midcap 150,2022-01-04,12020.546559049462
Nifty Midcap 150,2022-01-05,12363.148453223695
Nifty Midcap 150,2022-01-06,12538.738947237698
Nifty Midcap 150,2022-01-07,12537.340192878364
Nifty Midcap 150,2022-01-10,12733.123732606628
Nifty Midcap 150,2022-01-11,12717.608050605912
Nifty Midcap 150,2022-01-12,12620.359674710207
Nifty Midcap 150,2022-01-13,12676.89237362668
Nifty Midcap 150,2022-01-14,12731.185244434924
Nifty Midcap 150,2022-01-17,12414.12767200374
Nifty Midcap 150,2022-01-18,12306.935369722494
Nifty Midcap 150,2022-01-19,12237.269132280366
Nifty Midcap 150,2022-01-20,12052.82840031638
Nifty Midcap 150,2022-01-21,11941.807860009549
Nifty Midcap 150,2022-01-24,11911.240764074855
Nifty Midcap 150,2022-01-25,11831.045323699816
Nifty Midcap 150,2022-01-26,11638.642117818965
Nifty Midcap 150,2022-01-27,11343.024742833948
Nifty Midcap 150,2022-01-28,11463.540913335448
Nifty Midcap 150,2022-01-31,11277.152833704107
Nifty Midcap 150,2022-02-01,11195.576733104206
Nifty Midcap 150,2022-02-02,11366.301999816553
Nifty Midcap 150,2022-02-03,11279.037575715438
Nifty Midcap 150,2022-02-04,11149.526648496592
Nifty Midcap 150,2022-02-07,11287.953827083618
Nifty Midcap 150,2022-02-08,11336.908578904977
Nifty Midcap 150,2022-02-09,11366.263175311416
Nifty Midcap 150,2022-02-10,11439.282534158874
Nifty Midcap 150,2022-02-11,11630.188596577578
Nifty Midcap 150,2022-02-14,11286.616396015725
Nifty Midcap 150,2022-02-15,11240.59417069962
Nifty Midcap 150,2022-02-16,11382.74878272492
Nifty Midcap 150,2022-02-17,11391.776511168708
Nifty Midcap 150,2022-02-18,11308.875205119346
Nifty Midcap 150,2022-02-21,11586.819066115437
Nifty Midcap 150,2022-02-22,11640.402708041574
Nifty Midcap 150,2022-02-23,11600.112597579127
Nifty Midcap 150,2022-02-24,11553.30200615242
Nifty Midcap 150,2022-02-25,11660.5050735839
Nifty Midcap 150,2022-02-28,11847.73684251486
Nifty Midcap 150,2022-03-01,11818.428213728002
Nifty Midcap 150,2022-03-02,12091.944640344756
Nifty Midcap 150,2022-03-03,11961.67241364034
Nifty Midcap 150,2022-03-04,12104.774524472978
Nifty Midcap 150,2022-03-07,12126.82871031274
Nifty Midcap 150,2022-03-08,12090.745196073747
Nifty Midcap 150,2022-03-09,12054.912421245444
Nifty Midcap 150,2022-03-10,11994.520024922993
Nifty Midcap 150,2022-03-11,11990.013554594025
Nifty Midcap 150,2022-03-14,12197.797288148671
Nifty Midcap 150,2022-03-15,12334.962775720856
Nifty Midcap 150,2022-03-16,12328.449720490407
Nifty Midcap 150,2022-03-17,12304.852690806052
Nifty Midcap 150,2022-03-18,12356.183605471351
Nifty Midcap 150,2022-03-21,12353.833765826492
Nifty Midcap 150,2022-03-22,12355.467721295458
Nifty Midcap 150,2022-03-23,12291.336050565502
Nifty Midcap 150,2022-03-24,12402.376893098712
Nifty Midcap 150,2022-03-25,12269.411716829083
Nifty Midcap 150,2022-03-28,12230.265089386943
Nifty Midcap 150,2022-03-29,12411.02434602904
Nifty Midcap 150,2022-03-30,12288.63821642449
Nifty Midcap 150,2022-03-31,12639.152795791564
Nifty Midcap 150,2022-04-01,12694.214341058774
Nifty Midcap 150,2022-04-04,12590.957865377428
Nifty Midcap 150,2022-04-05,12720.876550345069
Nifty Midcap 150,2022-04-06,12791.00729320628
Nifty Midcap 150,2022-04-07,12951.302851273553
Nifty Midcap 150,2022-04-08,12901.0946357265
Nifty Midcap 150,2022-04-11,13216.744876147994
Nifty Midcap 150,2022-04-12,12859.60085527006
Nifty Midcap 150,2022-04-13,13023.05423908148
Nifty Midcap 150,2022-04-14,13114.702423401415
Nifty Midcap 150,2022-04-15,13331.763078158798
Nifty Midcap 150,2022-04-18,13382.34661705877
Nifty Midcap 150,2022-04-19,13356.92216304004
Nifty Midcap 150,2022-04-20,13396.971243680531
Nifty Midcap 150,2022-04-21,13355.727702376957
Nifty Midcap 150,2022-04-22,13434.174357971551
Nifty Midcap 150,2022-04-25,13375.123826043093
Nifty Midcap 150,2022-04-26,13077.799532820358
Nifty Midcap 150,2022-04-27,13118.612663627484
Nifty Midcap 150,2022-04-28,12887.70010452834
Nifty Midcap 150,2022-04-29,12603.71547884725
Nifty Midcap 150,2022-05-02,12632.844264375057
Nifty Midcap 150,2022-05-03,12591.43498394462
Nifty Midcap 150,2022-05-04,12668.900649094485
Nifty Midcap 150,2022-05-05,12537.341962065992
Nifty Midcap 150,2022-05-06,12623.775016804471
Nifty Midcap 150,2022-05-09,12512.285435638698
Nifty Midcap 150,2022-05-10,12426.54582964806
Nifty Midcap 150,2022-05-11,12882.451910831334
Nifty Midcap 150,2022-05-12,12847.04722637921
Nifty Midcap 150,2022-05-13,13158.443328827523
Nifty Midcap 150,2022-05-16,13402.91969538514
Nifty Midcap 150,2022-05-17,13353.851336907504
Nifty Midcap 150,2022-05-18,12990.807707618807
Nifty Midcap 150,2022-05-19,13159.419579693267
Nifty Midcap 150,2022-05-20,13029.168739605642
Nifty Midcap 150,2022-05-23,13062.319854125935
Nifty Midcap 150,2022-05-24,13071.885856921204
Nifty Midcap 150,2022-05-25,13227.433091231977
Nifty Midcap 150,2022-05-26,12923.14421682824
Nifty Midcap 150,2022-05-27,12834.709290450512
Nifty Midcap 150,2022-05-30,12620.76072818355
Nifty Midcap 150,2022-05-31,12617.636851526851
Nifty Midcap 150,2022-06-01,12456.864183201737
Nifty Midcap 150,2022-06-02,12422.96593871371
Nifty Midcap 150,2022-06-03,12503.906538962834
Nifty Midcap 150,2022-06-06,12526.22450228658
Nifty Midcap 150,2022-06-07,12415.270723343854
Nifty Midcap 150,2022-06-08,12509.158700925444
Nifty Midcap 150,2022-06-09,12555.773959459377
Nifty Midcap 150,2022-06-10,12689.861033832974
Nifty Midcap 150,2022-06-13,12877.227807516265
Nifty Midcap 150,2022-06-14,12897.196299485233
Nifty Midcap 150,2022-06-15,12842.982931528471
Nifty Midcap 150,2022-06-16,12850.54682557621
Nifty Midcap 150,2022-06-17,12813.191561642156
Nifty Midcap 150,2022-06-20,13099.809319196444
Nifty Midcap 150,2022-06-21,12876.876607982977
Nifty Midcap 150,2022-06-22,12863.286511606111
Nifty Midcap 150,2022-06-23,12835.227632974304
Nifty Midcap 150,2022-06-24,12639.965156587636
Nifty Midcap 150,2022-06-27,12700.85500184043
Nifty Midcap 150,2022-06-28,12496.92576530064
Nifty Midcap 150,2022-06-29,12373.815235019309
Nifty Midcap 150,2022-06-30,12687.6412558895
Nifty Midcap 150,2022-07-01,13274.890256846104
Nifty Midcap 150,2022-07-04,13262.674003001655
Nifty Midcap 150,2022-07-05,13113.713516208169
Nifty Midcap 150,2022-07-06,12819.027854875923
Nifty Midcap 150,2022-07-07,12908.361250095775
Nifty Midcap 150,2022-07-08,13084.17266896377
Nifty Midcap 150,2022-07-11,12927.819702537823
Nifty Midcap 150,2022-07-12,13034.615618564552
Nifty Midcap 150,2022-07-13,12963.240426797402
Nifty Midcap 150,2022-07-14,12915.305948701138
Nifty Midcap 150,2022-07-15,12872.920793243782
Nifty Midcap 150,2022-07-18,12866.826840143356
Nifty Midcap 150,2022-07-19,12929.807083414697
Nifty Midcap 150,2022-07-20,12823.8116007753
Nifty Midcap 150,2022-07-21,12968.4744857749
Nifty Midcap 150,2022-07-22,12696.98501720374
Nifty Midcap 150,2022-07-25,12765.522227027115
Nifty Midcap 150,2022-07-26,12920.304506990487
Nifty Midcap 150,2022-07-27,12896.540568142123
Nifty Midcap 150,2022-07-28,12800.047436684974
Nifty Midcap 150,2022-07-29,12848.338740316492
Nifty Midcap 150,2022-08-01,13017.884855135606
Nifty Midcap 150,2022-08-02,13034.498472141531
Nifty Midcap 150,2022-08-03,13192.909300958096
Nifty Midcap 150,2022-08-04,13080.395218806225
Nifty Midcap 150,2022-08-05,13248.309323468578
Nifty Midcap 150,2022-08-08,12940.928236276482
Nifty Midcap 150,2022-08-09,13199.678671692658
Nifty Midcap 150,2022-08-10,13326.377601961389
Nifty Midcap 150,2022-08-11,13494.282883978323
Nifty Midcap 150,2022-08-12,13442.628385973663
Nifty Midcap 150,2022-08-15,13252.002119927089
Nifty Midcap 150,2022-08-16,13096.008314818411
Nifty Midcap 150,2022-08-17,13344.1309279157
Nifty Midcap 150,2022-08-18,13240.033768428675
Nifty Midcap 150,2022-08-19,13376.005395576649
Nifty Midcap 150,2022-08-22,13269.82961295244
Nifty Midcap 150,2022-08-23,13180.832345142928
Nifty Midcap 150,2022-08-24,12975.439878648309
Nifty Midcap 150,2022-08-25,13327.289923778004
Nifty Midcap 150,2022-08-26,13356.46788541802
Nifty Midcap 150,2022-08-29,13336.486385138676
Nifty Midcap 150,2022-08-30,13475.3202815586
Nifty Midcap 150,2022-08-31,13597.1138026944
Nifty Midcap 150,2022-09-01,13766.793880410296
Nifty Midcap 150,2022-09-02,13697.0245861484
Nifty Midcap 150,2022-09-05,13621.788410285171
Nifty Midcap 150,2022-09-06,13302.589305428592
Nifty Midcap 150,2022-09-07,12948.360488156688
Nifty Midcap 150,2022-09-08,13129.37154194219
Nifty Midcap 150,2022-09-09,13144.813713713078
Nifty Midcap 150,2022-09-12,13121.345190652237
Nifty Midcap 150,2022-09-13,12934.587775696522
Nifty Midcap 150,2022-09-14,12904.934907265011
Nifty Midcap 150,2022-09-15,12955.628981957609
Nifty Midcap 150,2022-09-16,12824.470712715842
Nifty Midcap 150,2022-09-19,12955.991993769156
Nifty Midcap 150,2022-09-20,12976.04929411989
Nifty Midcap 150,2022-09-21,12871.178845621156
Nifty Midcap 150,2022-09-22,12701.588248356147
Nifty Midcap 150,2022-09-23,12945.231721904698
Nifty Midcap 150,2022-09-26,12929.820137264554
Nifty Midcap 150,2022-09-27,12583.36138017775
Nifty Midcap 150,2022-09-28,12334.154391906644
Nifty Midcap 150,2022-09-29,12394.031225612143
Nifty Midcap 150,2022-09-30,12221.35955687961
Nifty Midcap 150,2022-10-03,12369.543108712682
Nifty Midcap 150,2022-10-04,12292.492526233547
Nifty Midcap 150,2022-10-05,12201.001330404502
Nifty Midcap 150,2022-10-06,12166.953753596812
Nifty Midcap 150,2022-10-07,12087.136540586062
Nifty Midcap 150,2022-10-10,12121.2363093136
Nifty Midcap 150,2022-10-11,12360.755359885068
Nifty Midcap 150,2022-10-12,12226.779550914684
Nifty Midcap 150,2022-10-13,12526.06493181416
Nifty Midcap 150,2022-10-14,12324.08384059439
Nifty Midcap 150,2022-10-17,12291.732774027469
Nifty Midcap 150,2022-10-18,12318.987499242658
Nifty Midcap 150,2022-10-19,12414.308118005798
Nifty Midcap 150,2022-10-20,12559.115294175022
Nifty Midcap 150,2022-10-21,12460.760096569897
Nifty Midcap 150,2022-10-24,12684.931854389535
Nifty Midcap 150,2022-10-25,12819.548084656652
Nifty Midcap 150,2022-10-26,13132.094446255003
Nifty Midcap 150,2022-10-27,13057.34227510322
Nifty Midcap 150,2022-10-28,12965.005683243018
Nifty Midcap 150,2022-10-31,13040.727716237789
Nifty Midcap 150,2022-11-01,12877.759589200876
Nifty Midcap 150,2022-11-02,12760.187213347062
Nifty Midcap 150,2022-11-03,12694.25248750108
Nifty Midcap 150,2022-11-04,12817.320281573717
Nifty Midcap 150,2022-11-07,12584.919637483315
Nifty Midcap 150,2022-11-08,12677.914054004412
Nifty Midcap 150,2022-11-09,12849.232025829318
Nifty Midcap 150,2022-11-10,12889.1564403818
Nifty Midcap 150,2022-11-11,12929.799164607515
Nifty Midcap 150,2022-11-14,13134.726613314991
Nifty Midcap 150,2022-11-15,13104.889677592
Nifty Midcap 150,2022-11-16,12664.16278095721
Nifty Midcap 150,2022-11-17,12581.792106605992
Nifty Midcap 150,2022-11-18,12283.309740137664
Nifty Midcap 150,2022-11-21,12149.51922826606
Nifty Midcap 150,2022-11-22,12332.107409670323
Nifty Midcap 150,2022-11-23,12361.248788397004
Nifty Midcap 150,2022-11-24,12362.213044359754
Nifty Midcap 150,2022-11-25,12383.3597550608
Nifty Midcap 150,2022-11-28,12080.094884284394
Nifty Midcap 150,2022-11-29,11949.480404253743
Nifty Midcap 150,2022-11-30,11850.406848808763
Nifty Midcap 150,2022-12-01,12211.658957364369
Nifty Midcap 150,2022-12-02,12144.179566779832
Nifty Midcap 150,2022-12-05,11914.072432162127
Nifty Midcap 150,2022-12-06,11664.077042573215
Nifty Midcap 150,2022-12-07,11664.507433035184
Nifty Midcap 150,2022-12-08,11741.401664742669
Nifty Midcap 150,2022-12-09,11843.538494200544
Nifty Midcap 150,2022-12-12,12156.399624658165
Nifty Midcap 150,2022-12-13,12183.193113311776
Nifty Midcap 150,2022-12-14,11912.313094529389
Nifty Midcap 150,2022-12-15,11820.958836610434
Nifty Midcap 150,2022-12-16,11837.979068126053
Nifty Midcap 150,2022-12-19,11751.435555850396
Nifty Midcap 150,2022-12-20,11769.516074261852
Nifty Midcap 150,2022-12-21,11484.068215685282
Nifty Midcap 150,2022-12-22,11384.261252534778
Nifty Midcap 150,2022-12-23,11287.391211933844
Nifty Midcap 150,2022-12-26,11351.546511575596
Nifty Midcap 150,2022-12-27,11277.51095274173
Nifty Midcap 150,2022-12-28,11207.627695934472
Nifty Midcap 150,2022-12-29,11331.004716472087
Nifty Midcap 150,2022-12-30,11358.441773874469
Nifty Midcap 150,2023-01-02,11268.918868124028
Nifty Midcap 150,2023-01-03,11072.261865711447
Nifty Midcap 150,2023-01-04,11164.137507151769
Nifty Midcap 150,2023-01-05,10938.896854805202
Nifty Midcap 150,2023-01-06,10821.782631441632
Nifty Midcap 150,2023-01-09,10797.178037224625
Nifty Midcap 150,2023-01-10,10940.489364968753
Nifty Midcap 150,2023-01-11,10925.27380731918
Nifty Midcap 150,2023-01-12,10838.62695497472
Nifty Midcap 150,2023-01-13,10941.598072982675
Nifty Midcap 150,2023-01-16,10974.581964513096
Nifty Midcap 150,2023-01-17,11111.676295577468
Nifty Midcap 150,2023-01-18,11051.584861226302
Nifty Midcap 150,2023-01-19,11149.679646088747
Nifty Midcap 150,2023-01-20,11053.287922582407
Nifty Midcap 150,2023-01-23,10763.813356613884
Nifty Midcap 150,2023-01-24,10568.308312332769
Nifty Midcap 150,2023-01-25,10841.82855505652
Nifty Midcap 150,2023-01-26,10808.25490907892
Nifty Midcap 150,2023-01-27,10979.150982917918
Nifty Midcap 150,2023-01-30,10993.868456876307
Nifty Midcap 150,2023-01-31,11041.645788518246
Nifty Midcap 150,2023-02-01,10766.585166451676
Nifty Midcap 150,2023-02-02,10857.11626234835
Nifty Midcap 150,2023-02-03,10873.158061748154
Nifty Midcap 150,2023-02-06,10996.784069337102
Nifty Midcap 150,2023-02-07,11052.731500726291
Nifty Midcap 150,2023-02-08,11053.005311260946
Nifty Midcap 150,2023-02-09,10858.669054800628
Nifty Midcap 150,2023-02-10,10780.488467881172
Nifty Midcap 150,2023-02-13,10826.369692458276
Nifty Midcap 150,2023-02-14,11038.5184562045
Nifty Midcap 150,2023-02-15,11091.04130298368
Nifty Midcap 150,2023-02-16,11013.860883237308
Nifty Midcap 150,2023-02-17,11062.791804359958
Nifty Midcap 150,2023-02-20,11064.164394603144
Nifty Midcap 150,2023-02-21,10892.331845148685
Nifty Midcap 150,2023-02-22,10979.41811280431
Nifty Midcap 150,2023-02-23,10788.69647242528
Nifty Midcap 150,2023-02-24,10777.265710020596
Nifty Midcap 150,2023-02-27,10811.55290706454
Nifty Midcap 150,2023-02-28,10549.477960390292
Nifty Midcap 150,2023-03-01,10536.02109531602
Nifty Midcap 150,2023-03-02,10416.645169408544
Nifty Midcap 150,2023-03-03,10318.322613880962
Nifty Midcap 150,2023-03-06,10272.91473944952
Nifty Midcap 150,2023-03-07,10271.62149198096
Nifty Midcap 150,2023-03-08,10351.44786606986
Nifty Midcap 150,2023-03-09,10296.188734534677
Nifty Midcap 150,2023-03-10,10495.896348423392
Nifty Midcap 150,2023-03-13,10447.285372576234
Nifty Midcap 150,2023-03-14,10219.603822079209
Nifty Midcap 150,2023-03-15,10357.22842551591
Nifty Midcap 150,2023-03-16,10555.17191346663
Nifty Midcap 150,2023-03-17,10689.202079471988
Nifty Midcap 150,2023-03-20,10684.548767042868
Nifty Midcap 150,2023-03-21,10672.478178698388
Nifty Midcap 150,2023-03-22,10544.016729800296
Nifty Midcap 150,2023-03-23,10438.475938756115
Nifty Midcap 150,2023-03-24,10471.31436251186
Nifty Midcap 150,2023-03-27,10410.29357402396
Nifty Midcap 150,2023-03-28,10356.07310577387
Nifty Midcap 150,2023-03-29,10397.501686355845
Nifty Midcap 150,2023-03-30,10526.600715370045
Nifty Midcap 150,2023-03-31,10545.091669274389
Nifty Midcap 150,2023-04-03,10517.58275229889
Nifty Midcap 150,2023-04-04,10375.536485197055
Nifty Midcap 150,2023-04-05,10489.53321047159
Nifty Midcap 150,2023-04-06,10397.353597626938
Nifty Midcap 150,2023-04-07,10300.17931152945
Nifty Midcap 150,2023-04-10,10238.106907232706
Nifty Midcap 150,2023-04-11,9973.376088666824
Nifty Midcap 150,2023-04-12,10185.21318083828
Nifty Midcap 150,2023-04-13,10245.34061457484
Nifty Midcap 150,2023-04-14,10401.20658745882
Nifty Midcap 150,2023-04-17,10415.639518225706
Nifty Midcap 150,2023-04-18,10731.237977703073
Nifty Midcap 150,2023-04-19,10874.154256125346
Nifty Midcap 150,2023-04-20,10690.835421441485
Nifty Midcap 150,2023-04-21,10643.065205423512
Nifty Midcap 150,2023-04-24,10802.815784992144
Nifty Midcap 150,2023-04-25,10520.886817148416
Nifty Midcap 150,2023-04-26,10525.388276610414
Nifty Midcap 150,2023-04-27,10195.39254859638
Nifty Midcap 150,2023-04-28,10080.638596143974
Nifty Midcap 150,2023-05-01,9773.523305060908
Nifty Midcap 150,2023-05-02,9728.153845521398
Nifty Midcap 150,2023-05-03,9843.665376837358
Nifty Midcap 150,2023-05-04,9836.658689342588
Nifty Midcap 150,2023-05-05,9944.994065458184
Nifty Midcap 150,2023-05-08,10001.817984907391
Nifty Midcap 150,2023-05-09,9970.482865093763
Nifty Midcap 150,2023-05-10,10176.318399839116
Nifty Midcap 150,2023-05-11,10236.322954479232
Nifty Midcap 150,2023-05-12,10351.856374259
Nifty Midcap 150,2023-05-15,10538.749435406986
Nifty Midcap 150,2023-05-16,10531.100321382375
Nifty Midcap 150,2023-05-17,10508.908574790748
Nifty Midcap 150,2023-05-18,10523.905516175895
Nifty Midcap 150,2023-05-19,10592.354524642884
Nifty Midcap 150,2023-05-22,10634.741648811225
Nifty Midcap 150,2023-05-23,10735.690914274624
Nifty Midcap 150,2023-05-24,10623.403145840311
Nifty Midcap 150,2023-05-25,10549.6672427115
Nifty Midcap 150,2023-05-26,10604.81177956412
Nifty Midcap 150,2023-05-29,10857.832110000258
Nifty Midcap 150,2023-05-30,10771.073929950537
Nifty Midcap 150,2023-05-31,10925.201502794653
Nifty Midcap 150,2023-06-01,10980.658311284664
Nifty Midcap 150,2023-06-02,11235.303815126344
Nifty Midcap 150,2023-06-05,11389.598701567633
Nifty Midcap 150,2023-06-06,11146.137867362568
Nifty Midcap 150,2023-06-07,11004.981274455282
Nifty Midcap 150,2023-06-08,10973.305909107765
Nifty Midcap 150,2023-06-09,10939.328841065812
Nifty Midcap 150,2023-06-12,10983.251245020509
Nifty Midcap 150,2023-06-13,11100.760360378388
Nifty Midcap 150,2023-06-14,11339.301936631784
Nifty Midcap 150,2023-06-15,11312.387881371931
Nifty Midcap 150,2023-06-16,11418.621360482715
Nifty Midcap 150,2023-06-19,11170.899080301844
Nifty Midcap 150,2023-06-20,11049.976835257963
Nifty Midcap 150,2023-06-21,11000.947257291871
Nifty Midcap 150,2023-06-22,11050.841504781789
Nifty Midcap 150,2023-06-23,11172.134898820956
Nifty Midcap 150,2023-06-26,11192.465825173023
Nifty Midcap 150,2023-06-27,11149.962793478224
Nifty Midcap 150,2023-06-28,11247.859173093386
Nifty Midcap 150,2023-06-29,11210.769690034618
Nifty Midcap 150,2023-06-30,11141.113602641051
Nifty Midcap 150,2023-07-03,11014.694069669797
Nifty Midcap 150,2023-07-04,11164.844277489256
Nifty Midcap 150,2023-07-05,11118.34479441956
Nifty Midcap 150,2023-07-06,11409.005375332405
Nifty Midcap 150,2023-07-07,11392.15535270794
Nifty Midcap 150,2023-07-10,11348.764210495196
Nifty Midcap 150,2023-07-11,11571.734296317502
Nifty Midcap 150,2023-07-12,11657.87657145592
Nifty Midcap 150,2023-07-13,11601.258061656348
Nifty Midcap 150,2023-07-14,11797.16667731741
Nifty Midcap 150,2023-07-17,11879.39758800534
Nifty Midcap 150,2023-07-18,11993.396846900796
Nifty Midcap 150,2023-07-19,12178.866820343204
Nifty Midcap 150,2023-07-20,12402.846071737717
Nifty Midcap 150,2023-07-21,12289.702559465502
Nifty Midcap 150,2023-07-24,12516.432697475588
Nifty Midcap 150,2023-07-25,12727.64158938202
Nifty Midcap 150,2023-07-26,12721.545121939223
Nifty Midcap 150,2023-07-27,12958.01183935494
Nifty Midcap 150,2023-07-28,12821.831307070604
Nifty Midcap 150,2023-07-31,13092.37875203657
Nifty Midcap 150,2023-08-01,12744.699031562532
Nifty Midcap 150,2023-08-02,12367.723471412784
Nifty Midcap 150,2023-08-03,12528.464744321136
Nifty Midcap 150,2023-08-04,12429.086737690192
Nifty Midcap 150,2023-08-07,12654.88364545483
Nifty Midcap 150,2023-08-08,12583.378230169865
Nifty Midcap 150,2023-08-09,12343.295951327616
Nifty Midcap 150,2023-08-10,12475.672209370116
Nifty Midcap 150,2023-08-11,12640.022572172476
Nifty Midcap 150,2023-08-14,12154.379883128078
Nifty Midcap 150,2023-08-15,12197.189228212685
Nifty Midcap 150,2023-08-16,12134.101511379806
Nifty Midcap 150,2023-08-17,12165.5606077959
Nifty Midcap 150,2023-08-18,11939.8694673623
Nifty Midcap 150,2023-08-21,11907.99424873794
Nifty Midcap 150,2023-08-22,11914.486617171871
Nifty Midcap 150,2023-08-23,11792.751066750689
Nifty Midcap 150,2023-08-24,11804.728182927902
Nifty Midcap 150,2023-08-25,11527.561169336825
Nifty Midcap 150,2023-08-28,11425.314262446276
Nifty Midcap 150,2023-08-29,11108.352595987291
Nifty Midcap 150,2023-08-30,11096.991696608038
Nifty Midcap 150,2023-08-31,10769.609039225768
Nifty Midcap 150,2023-09-01,10979.849595175983
Nifty Midcap 150,2023-09-04,11196.183474784671
Nifty Midcap 150,2023-09-05,11437.960272425447
Nifty Midcap 150,2023-09-06,11117.380184498588
Nifty Midcap 150,2023-09-07,11080.547432804344
Nifty Midcap 150,2023-09-08,11075.656665923869
Nifty Midcap 150,2023-09-11,10956.771458925634
Nifty Midcap 150,2023-09-12,10878.31885046462
Nifty Midcap 150,2023-09-13,10663.203724278488
Nifty Midcap 150,2023-09-14,10707.693430295907
Nifty Midcap 150,2023-09-15,10965.71486992378
Nifty Midcap 150,2023-09-18,11147.083981664491
Nifty Midcap 150,2023-09-19,11062.085058930114
Nifty Midcap 150,2023-09-20,11233.281584403563
Nifty Midcap 150,2023-09-21,11242.672274268583
Nifty Midcap 150,2023-09-22,10992.357712252258
Nifty Midcap 150,2023-09-25,10770.209897152568
Nifty Midcap 150,2023-09-26,10685.310273835865
Nifty Midcap 150,2023-09-27,10944.452061127931
Nifty Midcap 150,2023-09-28,10756.047629401046
Nifty Midcap 150,2023-09-29,10845.722689308648
Nifty Midcap 150,2023-10-02,11038.71467075757
Nifty Midcap 150,2023-10-03,11195.676146921009
Nifty Midcap 150,2023-10-04,10880.915215672758
Nifty Midcap 150,2023-10-05,10552.084869109372
Nifty Midcap 150,2023-10-06,10542.700403492783
Nifty Midcap 150,2023-10-09,10683.770234210964
Nifty Midcap 150,2023-10-10,10587.501428706177
Nifty Midcap 150,2023-10-11,10506.070214237843
Nifty Midcap 150,2023-10-12,10496.997117288249
Nifty Midcap 150,2023-10-13,10568.933940046334
Nifty Midcap 150,2023-10-16,10576.02265159087
Nifty Midcap 150,2023-10-17,10531.406033646595
Nifty Midcap 150,2023-10-18,10622.113577219015
Nifty Midcap 150,2023-10-19,10531.995740714008
Nifty Midcap 150,2023-10-20,10688.396170975671
Nifty Midcap 150,2023-10-23,10769.571334511584
Nifty Midcap 150,2023-10-24,10734.045560681594
Nifty Midcap 150,2023-10-25,10792.34632790381
Nifty Midcap 150,2023-10-26,10681.52431143752
Nifty Midcap 150,2023-10-27,10555.116733560835
Nifty Midcap 150,2023-10-30,10831.128997355954
Nifty Midcap 150,2023-10-31,11157.416137498438
Nifty Midcap 150,2023-11-01,11305.6325459504
Nifty Midcap 150,2023-11-02,11554.473538360657
Nifty Midcap 150,2023-11-03,11329.57613513738
Nifty Midcap 150,2023-11-06,11118.786227092343
Nifty Midcap 150,2023-11-07,11198.846442982664
Nifty Midcap 150,2023-11-08,11225.056225718272
Nifty Midcap 150,2023-11-09,11291.317263002516
Nifty Midcap 150,2023-11-10,11383.604317352843
Nifty Midcap 150,2023-11-13,11484.661524007975
Nifty Midcap 150,2023-11-14,11413.0770743391
Nifty Midcap 150,2023-11-15,11700.177246735197
Nifty Midcap 150,2023-11-16,11444.21241308929
Nifty Midcap 150,2023-11-17,11236.199903172135
Nifty Midcap 150,2023-11-20,11123.840527089254
Nifty Midcap 150,2023-11-21,10905.86110697629
Nifty Midcap 150,2023-11-22,10883.722842692005
Nifty Midcap 150,2023-11-23,11104.3971949987
Nifty Midcap 150,2023-11-24,11083.334572600144
Nifty Midcap 150,2023-11-27,10855.707088648802
Nifty Midcap 150,2023-11-28,10726.661882143911
Nifty Midcap 150,2023-11-29,10462.31906723509
Nifty Midcap 150,2023-11-30,10607.225481087977
Nifty Midcap 150,2023-12-01,10687.643475667428
Nifty Midcap 150,2023-12-04,10790.938175833842
Nifty Midcap 150,2023-12-05,10797.02827221556
Nifty Midcap 150,2023-12-06,11042.413223432071
Nifty Midcap 150,2023-12-07,11057.967713409098
Nifty Midcap 150,2023-12-08,10875.657192913564
Nifty Midcap 150,2023-12-11,10882.017419385096
Nifty Midcap 150,2023-12-12,11165.3153417103
Nifty Midcap 150,2023-12-13,11208.123573346524
Nifty Midcap 150,2023-12-14,11338.339750194393
Nifty Midcap 150,2023-12-15,11422.462749537148
Nifty Midcap 150,2023-12-18,11537.660974111946
Nifty Midcap 150,2023-12-19,11552.689341292991
Nifty Midcap 150,2023-12-20,11449.754071656356
Nifty Midcap 150,2023-12-21,11479.191039623156
Nifty Midcap 150,2023-12-22,11451.045224198177
Nifty Midcap 150,2023-12-25,11462.329053163285
Nifty Midcap 150,2023-12-26,11373.168246328576
Nifty Midcap 150,2023-12-27,11542.27415460081
Nifty Midcap 150,2023-12-28,11643.22623595264
Nifty Midcap 150,2023-12-29,11536.114014671508
Nifty Midcap 150,2024-01-01,11548.42675903813
Nifty Midcap 150,2024-01-02,11729.747054227546
Nifty Midcap 150,2024-01-03,11586.83007624409
Nifty Midcap 150,2024-01-04,11525.596780849404
Nifty Midcap 150,2024-01-05,11223.177164513769
Nifty Midcap 150,2024-01-08,11199.936033861652
Nifty Midcap 150,2024-01-09,11318.657675148945
Nifty Midcap 150,2024-01-10,11448.002926676563
Nifty Midcap 150,2024-01-11,11425.690409470588
Nifty Midcap 150,2024-01-12,11260.072667918465
Nifty Midcap 150,2024-01-15,11181.40012246917
Nifty Midcap 150,2024-01-16,11450.945886999523
Nifty Midcap 150,2024-01-17,11858.210298884072
Nifty Midcap 150,2024-01-18,11861.513064881725
Nifty Midcap 150,2024-01-19,11870.180672160906
Nifty Midcap 150,2024-01-22,11830.566840207808
Nifty Midcap 150,2024-01-23,11521.281038758296
Nifty Midcap 150,2024-01-24,11730.719222096
Nifty Midcap 150,2024-01-25,11746.257687038207
Nifty Midcap 150,2024-01-26,12052.716011729655
Nifty Midcap 150,2024-01-29,12320.17406183794
Nifty Midcap 150,2024-01-30,12227.472979364657
Nifty Midcap 150,2024-01-31,12276.1121358423
Nifty Midcap 150,2024-02-01,12418.119692968883
Nifty Midcap 150,2024-02-02,11922.552366591726
Nifty Midcap 150,2024-02-05,11990.32939623517
Nifty Midcap 150,2024-02-06,12079.144342560112
Nifty Midcap 150,2024-02-07,11948.673530562932
Nifty Midcap 150,2024-02-08,11860.755580256286
Nifty Midcap 150,2024-02-09,11858.226069813583
Nifty Midcap 150,2024-02-12,11909.71210607619
Nifty Midcap 150,2024-02-13,12014.118870400172
Nifty Midcap 150,2024-02-14,12147.105844452732
Nifty Midcap 150,2024-02-15,12185.242822012156
Nifty Midcap 150,2024-02-16,12496.827458712018
Nifty Midcap 150,2024-02-19,12349.976070299062
Nifty Midcap 150,2024-02-20,12093.437276243494
Nifty Midcap 150,2024-02-21,12144.809657380674
Nifty Midcap 150,2024-02-22,12038.046436366376
Nifty Midcap 150,2024-02-23,11828.585590837589
Nifty Midcap 150,2024-02-26,11829.635900997564
Nifty Midcap 150,2024-02-27,11867.812455137582
Nifty Midcap 150,2024-02-28,11937.53464851504
Nifty Midcap 150,2024-02-29,12042.084184033927
Nifty Midcap 150,2024-03-01,11904.163504169886
Nifty Midcap 150,2024-03-04,11479.075922821152
Nifty Midcap 150,2024-03-05,11449.890863232644
Nifty Midcap 150,2024-03-06,11482.456615881983
Nifty Midcap 150,2024-03-07,11246.301653067452
Nifty Midcap 150,2024-03-08,11168.724648504833
Nifty Midcap 150,2024-03-11,11133.433021131432
Nifty Midcap 150,2024-03-12,11172.70618055234
Nifty Midcap 150,2024-03-13,11176.950158266836
Nifty Midcap 150,2024-03-14,11415.60036104636
Nifty Midcap 150,2024-03-15,11459.116557273204
Nifty Midcap 150,2024-03-18,11738.449642978196
Nifty Midcap 150,2024-03-19,11770.076035991602
Nifty Midcap 150,2024-03-20,11927.394526728982
Nifty Midcap 150,2024-03-21,11982.926337434785
Nifty Midcap 150,2024-03-22,12198.274836887287
Nifty Midcap 150,2024-03-25,12428.547636797071
Nifty Midcap 150,2024-03-26,12748.535236548249
Nifty Midcap 150,2024-03-27,12601.293006320955
Nifty Midcap 150,2024-03-28,12318.264531529458
Nifty Midcap 150,2024-03-29,12154.94430575341
Nifty Midcap 150,2024-04-01,12313.16587912715
Nifty Midcap 150,2024-04-02,12214.632001731305
Nifty Midcap 150,2024-04-03,12266.61043572282
Nifty Midcap 150,2024-04-04,11862.667281111791
Nifty Midcap 150,2024-04-05,11598.27380033311
Nifty Midcap 150,2024-04-08,11242.209926433472
Nifty Midcap 150,2024-04-09,11660.324563468375
Nifty Midcap 150,2024-04-10,11476.05239696258
Nifty Midcap 150,2024-04-11,11574.963861482767
Nifty Midcap 150,2024-04-12,11649.594023506575
Nifty Midcap 150,2024-04-15,11619.489925367456
Nifty Midcap 150,2024-04-16,11703.403354024484
Nifty Midcap 150,2024-04-17,11720.901006497132
Nifty Midcap 150,2024-04-18,11865.868734476562
Nifty Midcap 150,2024-04-19,11985.569676174371
Nifty Midcap 150,2024-04-22,12012.131270487524
Nifty Midcap 150,2024-04-23,11922.697646339397
Nifty Midcap 150,2024-04-24,11901.835855337884
Nifty Midcap 150,2024-04-25,11925.182906963464
Nifty Midcap 150,2024-04-26,11723.494775492632
Nifty Midcap 150,2024-04-29,11386.876883901528
Nifty Midcap 150,2024-04-30,11411.302481257952
Nifty Midcap 150,2024-05-01,11439.470518123564
Nifty Midcap 150,2024-05-02,11248.87018145505
Nifty Midcap 150,2024-05-03,11134.35757302838
Nifty Midcap 150,2024-05-06,10970.944046566394
Nifty Midcap 150,2024-05-07,11061.731862977478
Nifty Midcap 150,2024-05-08,11027.597335891342
Nifty Midcap 150,2024-05-09,11047.212142147206
Nifty Midcap 150,2024-05-10,11029.967969582409
Nifty Midcap 150,2024-05-13,10996.619355653298
Nifty Midcap 150,2024-05-14,11117.426857038696
Nifty Midcap 150,2024-05-15,11047.104774613848
Nifty Midcap 150,2024-05-16,10953.933087039137
Nifty Midcap 150,2024-05-17,10773.923879583028
Nifty Midcap 150,2024-05-20,10772.570971342984
Nifty Midcap 150,2024-05-21,10692.716015000637
Nifty Midcap 150,2024-05-22,10833.596119829092
Nifty Midcap 150,2024-05-23,10604.06619872107
Nifty Midcap 150,2024-05-24,10628.381356478518
Nifty Midcap 150,2024-05-27,10849.31660175866
Nifty Midcap 150,2024-05-28,10772.33976112466
Nifty Midcap 150,2024-05-29,10660.837520112857
Nifty Midcap 150,2024-05-30,10465.95148498991
Nifty Midcap 150,2024-05-31,10433.287040902673
Nifty Midcap 150,2024-06-03,10570.928858865216
Nifty Midcap 150,2024-06-04,10540.90254534239
Nifty Midcap 150,2024-06-05,10488.548632427111
Nifty Midcap 150,2024-06-06,10421.57936761702
Nifty Midcap 150,2024-06-07,10402.799688779804
Nifty Midcap 150,2024-06-10,10362.672551967622
Nifty Midcap 150,2024-06-11,10303.85150175892
Nifty Midcap 150,2024-06-12,10252.530357163454
Nifty Midcap 150,2024-06-13,10494.015822257084
Nifty Midcap 150,2024-06-14,10654.835218851822
Nifty Midcap 150,2024-06-17,10617.852967544452
Nifty Midcap 150,2024-06-18,10556.653674228644
Nifty Midcap 150,2024-06-19,10630.774617935358
Nifty Midcap 150,2024-06-20,10655.567756465383
Nifty Midcap 150,2024-06-21,10634.995172103056
Nifty Midcap 150,2024-06-24,10711.363424162357
Nifty Midcap 150,2024-06-25,10643.289433907275
Nifty Midcap 150,2024-06-26,10500.25987154643
Nifty Midcap 150,2024-06-27,10645.897000913295
Nifty Midcap 150,2024-06-28,10589.5307180268
Nifty Midcap 150,2024-07-01,10541.165249572889
Nifty Midcap 150,2024-07-02,10300.000908511794
Nifty Midcap 150,2024-07-03,10247.142615235089
Nifty Midcap 150,2024-07-04,10363.484125823754
Nifty Midcap 150,2024-07-05,10350.03065922293
Nifty Midcap 150,2024-07-08,10173.996912965273
Nifty Midcap 150,2024-07-09,10057.99058472152
Nifty Midcap 150,2024-07-10,10134.683611482104
Nifty Midcap 150,2024-07-11,10058.759702257656
Nifty Midcap 150,2024-07-12,10011.803577797731
Nifty Midcap 150,2024-07-15,10196.868881944984
Nifty Midcap 150,2024-07-16,10281.77001957927
Nifty Midcap 150,2024-07-17,10178.15960213698
Nifty Midcap 150,2024-07-18,9972.68756287833
Nifty Midcap 150,2024-07-19,10059.031501035286
Nifty Midcap 150,2024-07-22,9752.624080162846
Nifty Midcap 150,2024-07-23,9822.432033984032
Nifty Midcap 150,2024-07-24,9970.039162238729
Nifty Midcap 150,2024-07-25,9804.959114039966
Nifty Midcap 150,2024-07-26,9951.194126676492
Nifty Midcap 150,2024-07-29,9965.265165123235
Nifty Midcap 150,2024-07-30,10155.527110211831
Nifty Midcap 150,2024-07-31,10267.167020959145
Nifty Midcap 150,2024-08-01,10279.326236881532
Nifty Midcap 150,2024-08-02,10267.688556515342
Nifty Midcap 150,2024-08-05,10261.584307156723
Nifty Midcap 150,2024-08-06,10381.990144869817
Nifty Midcap 150,2024-08-07,10546.066096767556
Nifty Midcap 150,2024-08-08,10868.455602994236
Nifty Midcap 150,2024-08-09,10613.780314679523
Nifty Midcap 150,2024-08-12,10537.170141023726
Nifty Midcap 150,2024-08-13,10557.387574503344
Nifty Midcap 150,2024-08-14,10652.083301059343
Nifty Midcap 150,2024-08-15,10506.69502084498
Nifty Midcap 150,2024-08-16,10684.994541383348
Nifty Midcap 150,2024-08-19,10520.950528602045
Nifty Midcap 150,2024-08-20,10428.984032814684
Nifty Midcap 150,2024-08-21,10386.381362856411
Nifty Midcap 150,2024-08-22,10172.533185484524
Nifty Midcap 150,2024-08-23,10151.42621912698
Nifty Midcap 150,2024-08-26,10467.8933864336
Nifty Midcap 150,2024-08-27,10314.587562426985
Nifty Midcap 150,2024-08-28,10422.676782223643
Nifty Midcap 150,2024-08-29,10382.546474106228
Nifty Midcap 150,2024-08-30,10346.74612575834
Nifty Midcap 150,2024-09-02,10680.184359724635
Nifty Midcap 150,2024-09-03,10765.229510858127
Nifty Midcap 150,2024-09-04,10660.228202374406
Nifty Midcap 150,2024-09-05,10786.504478014464
Nifty Midcap 150,2024-09-06,10852.914629792796
Nifty Midcap 150,2024-09-09,10811.826428788989
Nifty Midcap 150,2024-09-10,10683.603558620454
Nifty Midcap 150,2024-09-11,10692.546351929212
Nifty Midcap 150,2024-09-12,10669.557214340952
Nifty Midcap 150,2024-09-13,10546.14128294085
Nifty Midcap 150,2024-09-16,10282.481637639065
Nifty Midcap 150,2024-09-17,10443.256552282885
Nifty Midcap 150,2024-09-18,10380.625162991208
Nifty Midcap 150,2024-09-19,10291.34743748136
Nifty Midcap 150,2024-09-20,10360.83689210086
Nifty Midcap 150,2024-09-23,10277.94555228815
Nifty Midcap 150,2024-09-24,10381.467971416216
Nifty Midcap 150,2024-09-25,10105.856711304616
Nifty Midcap 150,2024-09-26,10117.275030591682
Nifty Midcap 150,2024-09-27,10021.471866628504
Nifty Midcap 150,2024-09-30,10277.427565185664
Nifty Midcap 150,2024-10-01,10317.237801571777
Nifty Midcap 150,2024-10-02,10485.372386432751
Nifty Midcap 150,2024-10-03,10166.785064061334
Nifty Midcap 150,2024-10-04,10468.330021000207
Nifty Midcap 150,2024-10-07,10640.243394173478
Nifty Midcap 150,2024-10-08,10526.237852619775
Nifty Midcap 150,2024-10-09,10810.848675074005
Nifty Midcap 150,2024-10-10,10881.661193368716
Nifty Midcap 150,2024-10-11,10649.80231684765
Nifty Midcap 150,2024-10-14,10381.67943562482
Nifty Midcap 150,2024-10-15,10219.59938968272
Nifty Midcap 150,2024-10-16,9983.069029521212
Nifty Midcap 150,2024-10-17,10147.786470988349
Nifty Midcap 150,2024-10-18,10283.131684070451
Nifty Midcap 150,2024-10-21,10284.807871510138
Nifty Midcap 150,2024-10-22,10160.968224747532
Nifty Midcap 150,2024-10-23,10141.845489549589
Nifty Midcap 150,2024-10-24,10145.522231676032
Nifty Midcap 150,2024-10-25,10125.056536957762
Nifty Midcap 150,2024-10-28,9996.31371051202
Nifty Midcap 150,2024-10-29,9938.84356959848
Nifty Midcap 150,2024-10-30,10006.441616536376
Nifty Midcap 150,2024-10-31,9994.042531465104
Nifty Midcap 150,2024-11-01,10131.112769310235
Nifty Midcap 150,2024-11-04,10037.586258930478
Nifty Midcap 150,2024-11-05,10044.600435159842
Nifty Midcap 150,2024-11-06,10086.066176570965
Nifty Midcap 150,2024-11-07,10095.887640417312
Nifty Midcap 150,2024-11-08,10092.862171683251
Nifty Midcap 150,2024-11-11,10211.652024990784
Nifty Midcap 150,2024-11-12,10280.10638063171
Nifty Midcap 150,2024-11-13,9988.102013788472
Nifty Midcap 150,2024-11-14,9802.244164014452
Nifty Midcap 150,2024-11-15,9833.361655298346
Nifty Midcap 150,2024-11-18,9880.653988808315
Nifty Midcap 150,2024-11-19,9339.662747265742
Nifty Midcap 150,2024-11-20,9334.328970460316
Nifty Midcap 150,2024-11-21,9494.335870309787
Nifty Midcap 150,2024-11-22,9187.859818453082
Nifty Midcap 150,2024-11-25,9587.940920679232
Nifty Midcap 150,2024-11-26,9832.603282777363
Nifty Midcap 150,2024-11-27,9862.229481339476
Nifty Midcap 150,2024-11-28,9630.816453607527
Nifty Midcap 150,2024-11-29,9422.29707054798
Nifty Midcap 150,2024-12-02,9479.483320409605
Nifty Midcap 150,2024-12-03,9521.89700419238
Nifty Midcap 150,2024-12-04,9521.643092776803
Nifty Midcap 150,2024-12-05,9875.122589490138
Nifty Midcap 150,2024-12-06,9718.89313231967
Nifty Midcap 150,2024-12-09,9676.037201325236
Nifty Midcap 150,2024-12-10,9821.11829604132
Nifty Midcap 150,2024-12-11,10080.41878329988
Nifty Midcap 150,2024-12-12,10022.606734215287
Nifty Midcap 150,2024-12-13,10070.943065118425
Nifty Midcap 150,2024-12-16,10301.48352001168
Nifty Midcap 150,2024-12-17,10357.329595903488
Nifty Midcap 150,2024-12-18,10272.414074259566
Nifty Midcap 150,2024-12-19,10266.305903032664
Nifty Midcap 150,2024-12-20,10429.040493277116
Nifty Midcap 150,2024-12-23,10293.40304251634
Nifty Midcap 150,2024-12-24,10226.970236999918
Nifty Midcap 150,2024-12-25,10326.974267579682
Nifty Midcap 150,2024-12-26,10337.649066372527
Nifty Midcap 150,2024-12-27,10280.56223116328
Nifty Midcap 150,2024-12-30,10328.092356210558
Nifty Midcap 150,2024-12-31,10439.497093780425
Nifty Midcap 150,2025-01-01,10338.40541611342
Nifty Midcap 150,2025-01-02,10407.715054826293
Nifty Midcap 150,2025-01-03,10306.64598040262
Nifty Midcap 150,2025-01-06,9926.684100938752
Nifty Midcap 150,2025-01-07,9955.614368482227
Nifty Midcap 150,2025-01-08,9852.660865057058
Nifty Midcap 150,2025-01-09,9828.713920764403
Nifty Midcap 150,2025-01-10,9775.885716514476
Nifty Midcap 150,2025-01-13,9935.391301902022
Nifty Midcap 150,2025-01-14,10129.057096268309
Nifty Midcap 150,2025-01-15,9884.72613416259
Nifty Midcap 150,2025-01-16,10035.862559782869
Nifty Midcap 150,2025-01-17,9967.931267611151
Nifty Midcap 150,2025-01-20,9938.065154291718
Nifty Midcap 150,2025-01-21,10139.993386487127
Nifty Midcap 150,2025-01-22,10156.816770315898
Nifty Midcap 150,2025-01-23,10080.053934246169
Nifty Midcap 150,2025-01-24,10017.46686895657
Nifty Midcap 150,2025-01-27,9978.675502767665
Nifty Midcap 150,2025-01-28,10141.55929360118
Nifty Midcap 150,2025-01-29,10030.715516920774
Nifty Midcap 150,2025-01-30,9958.9668249467
Nifty Midcap 150,2025-01-31,9846.822500535916
Nifty Midcap 150,2025-02-03,9675.514244334934
Nifty Midcap 150,2025-02-04,9681.44782155484
Nifty Midcap 150,2025-02-05,9786.6523919437
Nifty Midcap 150,2025-02-06,9871.341507517933
Nifty Midcap 150,2025-02-07,10020.155840621812
Nifty Midcap 150,2025-02-10,9917.631601768851
Nifty Midcap 150,2025-02-11,9892.846936345071
Nifty Midcap 150,2025-02-12,10160.958168513738
Nifty Midcap 150,2025-02-13,10026.380935975609
Nifty Midcap 150,2025-02-14,9975.172921435174
Nifty Midcap 150,2025-02-17,9765.97606443918
Nifty Midcap 150,2025-02-18,9811.516894799895
Nifty Midcap 150,2025-02-19,9859.645591095468
Nifty Midcap 150,2025-02-20,9768.626729930678
Nifty Midcap 150,2025-02-21,9968.475561415702
Nifty Midcap 150,2025-02-24,9927.617688139391
Nifty Midcap 150,2025-02-25,10235.773137987777
Nifty Midcap 150,2025-02-26,10314.29355057072
Nifty Midcap 150,2025-02-27,10556.607570135591
Nifty Midcap 150,2025-02-28,10585.112790539686
Nifty Midcap 150,2025-03-03,10363.760062525243
Nifty Midcap 150,2025-03-04,10321.97502960482
Nifty Midcap 150,2025-03-05,10587.84959650573
Nifty Midcap 150,2025-03-06,10469.180614248608
Nifty Midcap 150,2025-03-07,10539.84539073605
Nifty Midcap 150,2025-03-10,10511.228580276467
Nifty Midcap 150,2025-03-11,10717.97897250993
Nifty Midcap 150,2025-03-12,10717.722307647393
Nifty Midcap 150,2025-03-13,10738.370516108254
Nifty Midcap 150,2025-03-14,10808.797989626137
Nifty Midcap 150,2025-03-17,10681.165942018646
Nifty Midcap 150,2025-03-18,10723.46985112077
Nifty Midcap 150,2025-03-19,10758.559573582615
Nifty Midcap 150,2025-03-20,10607.694329385153
Nifty Midcap 150,2025-03-21,10243.0197093253
Nifty Midcap 150,2025-03-24,10224.7676968445
Nifty Midcap 150,2025-03-25,10355.550706766577
Nifty Midcap 150,2025-03-26,10306.251445162066
Nifty Midcap 150,2025-03-27,10619.136061710828
Nifty Midcap 150,2025-03-28,10647.434973275464
Nifty Midcap 150,2025-03-31,10755.754151235837
Nifty Midcap 150,2025-04-01,10697.402050695431
Nifty Midcap 150,2025-04-02,10855.442873192507
Nifty Midcap 150,2025-04-03,10831.450146768588
Nifty Midcap 150,2025-04-04,10584.123113269594
Nifty Midcap 150,2025-04-07,10411.12002024565
Nifty Midcap 150,2025-04-08,10415.566439361975
Nifty Midcap 150,2025-04-09,10348.470197093777
Nifty Midcap 150,2025-04-10,10212.968130875492
Nifty Midcap 150,2025-04-11,10176.182336012926
Nifty Midcap 150,2025-04-14,9985.706158489293
Nifty Midcap 150,2025-04-15,9952.567147816426
Nifty Midcap 150,2025-04-16,10098.586639222283
Nifty Midcap 150,2025-04-17,10350.808263519792
Nifty Midcap 150,2025-04-18,10422.57445081251
Nifty Midcap 150,2025-04-21,10363.56321310276
Nifty Midcap 150,2025-04-22,10279.961401980258
Nifty Midcap 150,2025-04-23,10301.556625346087
Nifty Midcap 150,2025-04-24,10299.676395807026
Nifty Midcap 150,2025-04-25,10049.560948785276
Nifty Midcap 150,2025-04-28,10089.92848446002
Nifty Midcap 150,2025-04-29,10121.846204315323
Nifty Midcap 150,2025-04-30,10431.898823289748
Nifty Midcap 150,2025-05-01,10359.873036858267
Nifty Midcap 150,2025-05-02,10499.36900174496
Nifty Midcap 150,2025-05-05,10751.04702324178
Nifty Midcap 150,2025-05-06,10697.094498687482
Nifty Midcap 150,2025-05-07,10739.570523308374
Nifty Midcap 150,2025-05-08,10659.2525115361
Nifty Midcap 150,2025-05-09,10818.958058604612
Nifty Midcap 150,2025-05-12,10926.034531969462
Nifty Midcap 150,2025-05-13,10873.685587558277
Nifty Midcap 150,2025-05-14,11005.58189133447
Nifty Midcap 150,2025-05-15,10942.633530033514
Nifty Midcap 150,2025-05-16,10973.827713423936
Nifty Midcap 150,2025-05-19,10778.633955306694
Nifty Midcap 150,2025-05-20,10869.832704310667
Nifty Midcap 150,2025-05-21,10850.430025929298
Nifty Midcap 150,2025-05-22,10932.956532785433
Nifty Midcap 150,2025-05-23,10792.85042836817
Nifty Midcap 150,2025-05-26,10762.755616108623
Nifty Midcap 150,2025-05-27,10750.177433611536
Nifty Midcap 150,2025-05-28,10912.670549380213
Nifty Midcap 150,2025-05-29,11115.143604083509
Nifty Midcap 150,2025-05-30,11147.001757326396
Nifty Midcap 150,2025-06-02,11463.215438422843
Nifty Midcap 150,2025-06-03,11324.09615889799
Nifty Midcap 150,2025-06-04,11257.397477001454
Nifty Midcap 150,2025-06-05,11021.255176825343
Nifty Midcap 150,2025-06-06,10942.524450649516
Nifty Midcap 150,2025-06-09,10870.134980141833
Nifty Midcap 150,2025-06-10,10647.959305593376
Nifty Midcap 150,2025-06-11,10600.078266246795
Nifty Midcap 150,2025-06-12,10505.13376151686
Nifty Midcap 150,2025-06-13,10393.590203260304
Nifty Midcap 150,2025-06-16,10452.50376445349
Nifty Midcap 150,2025-06-17,10488.754307786896
Nifty Midcap 150,2025-06-18,10523.35322758411
Nifty Midcap 150,2025-06-19,10543.759064709058
Nifty Midcap 150,2025-06-20,10457.261323783823
Nifty Midcap 150,2025-06-23,10616.659473100945
Nifty Midcap 150,2025-06-24,10492.521126003809
Nifty Midcap 150,2025-06-25,10568.795478057218
Nifty Midcap 150,2025-06-26,10328.950999442675
Nifty Midcap 150,2025-06-27,10029.107260878209
Nifty Midcap 150,2025-06-30,9868.191349634964
Nifty Midcap 150,2025-07-01,9829.417674504575
Nifty Midcap 150,2025-07-02,10216.229167097135
Nifty Midcap 150,2025-07-03,10356.86367430094
Nifty Midcap 150,2025-07-04,10479.128135124713
Nifty Midcap 150,2025-07-07,10421.323675922684
Nifty Midcap 150,2025-07-08,10246.845135161424
Nifty Midcap 150,2025-07-09,10282.953146545502
Nifty Midcap 150,2025-07-10,10488.841062422414
Nifty Midcap 150,2025-07-11,10393.347354665832
Nifty Midcap 150,2025-07-14,10568.15011433052
Nifty Midcap 150,2025-07-15,10499.4879316615
Nifty Midcap 150,2025-07-16,10556.961978143432
Nifty Midcap 150,2025-07-17,10811.149702763008
Nifty Midcap 150,2025-07-18,10606.775928055236
Nifty Midcap 150,2025-07-21,10717.10285204342
Nifty Midcap 150,2025-07-22,10730.78137002924
Nifty Midcap 150,2025-07-23,10676.352127960865
Nifty Midcap 150,2025-07-24,10602.174568206514
Nifty Midcap 150,2025-07-25,10714.856478211606
Nifty Midcap 150,2025-07-28,10604.601355054376
Nifty Midcap 150,2025-07-29,10641.548052392254
Nifty Midcap 150,2025-07-30,10623.449249068655
Nifty Midcap 150,2025-07-31,10626.774914395954
Nifty Midcap 150,2025-08-01,10771.607180293213
Nifty Midcap 150,2025-08-04,10823.085327011988
Nifty Midcap 150,2025-08-05,10648.61609906328
Nifty Midcap 150,2025-08-06,10625.025961488092
Nifty Midcap 150,2025-08-07,10677.668516093916
Nifty Midcap 150,2025-08-08,10740.117087655912
Nifty Midcap 150,2025-08-11,10658.705537891165
Nifty Midcap 150,2025-08-12,10783.70400199157
Nifty Midcap 150,2025-08-13,10818.502322340011
Nifty Midcap 150,2025-08-14,10740.494061396175
Nifty Midcap 150,2025-08-15,10644.792146520878
Nifty Midcap 150,2025-08-18,10552.442037605182
Nifty Midcap 150,2025-08-19,10563.671679558518
Nifty Midcap 150,2025-08-20,10554.91135859698
Nifty Midcap 150,2025-08-21,10539.634980145009
Nifty Midcap 150,2025-08-22,10514.359325375255
Nifty Midcap 150,2025-08-25,10409.531248792196
Nifty Midcap 150,2025-08-26,10355.324759706476
Nifty Midcap 150,2025-08-27,10161.559911659268
Nifty Midcap 150,2025-08-28,10204.130778966302
Nifty Midcap 150,2025-08-29,10206.442582968622
Nifty Midcap 150,2025-09-01,10016.581193394328
Nifty Midcap 150,2025-09-02,10247.49590167016
Nifty Midcap 150,2025-09-03,10129.6058579089
Nifty Midcap 150,2025-09-04,10019.275642945537
Nifty Midcap 150,2025-09-05,9980.21808322333
Nifty Midcap 150,2025-09-08,9976.478409006726
Nifty Midcap 150,2025-09-09,9931.324542720087
Nifty Midcap 150,2025-09-10,10083.058217042904
Nifty Midcap 150,2025-09-11,10007.275435397438
Nifty Midcap 150,2025-09-12,10176.971358028117
Nifty Midcap 150,2025-09-15,9924.511312113244
Nifty Midcap 150,2025-09-16,10004.391603767448
Nifty Midcap 150,2025-09-17,10142.008063116067
Nifty Midcap 150,2025-09-18,10180.332358726837
Nifty Midcap 150,2025-09-19,10307.385400896534
Nifty Midcap 150,2025-09-22,10160.375992616437
Nifty Midcap 150,2025-09-23,10210.675374349616
Nifty Midcap 150,2025-09-24,10098.80459369634
Nifty Midcap 150,2025-09-25,9918.483978459184
Nifty Midcap 150,2025-09-26,9879.767775914
Nifty Midcap 150,2025-09-29,9876.103554012752
Nifty Midcap 150,2025-09-30,10035.922650965857
Nifty Midcap 150,2025-10-01,10147.762939756774
Nifty Midcap 150,2025-10-02,10173.798420333484
Nifty Midcap 150,2025-10-03,10316.19494822089
Nifty Midcap 150,2025-10-06,10320.862934219207
Nifty Midcap 150,2025-10-07,10310.653031917584
Nifty Midcap 150,2025-10-08,10185.470921764549
Nifty Midcap 150,2025-10-09,10034.322690173289
Nifty Midcap 150,2025-10-10,9906.192550145466
Nifty Midcap 150,2025-10-13,9871.389151164823
Nifty Midcap 150,2025-10-14,9949.56443123738
Nifty Midcap 150,2025-10-15,9825.15259453167
Nifty Midcap 150,2025-10-16,10135.313521156344
Nifty Midcap 150,2025-10-17,10175.155877751136
Nifty Midcap 150,2025-10-20,10104.266877620834
Nifty Midcap 150,2025-10-21,10159.270542787845
Nifty Midcap 150,2025-10-22,9794.807858529575
Nifty Midcap 150,2025-10-23,9633.698725660232
Nifty Midcap 150,2025-10-24,9772.858468709084
Nifty Midcap 150,2025-10-27,9659.11151911024
Nifty Midcap 150,2025-10-28,9656.71199160492
Nifty Midcap 150,2025-10-29,9639.506856745924
Nifty Midcap 150,2025-10-30,9622.56978744799
Nifty Midcap 150,2025-10-31,9511.326830547574
Nifty Midcap 150,2025-11-03,9642.05537479091
Nifty Midcap 150,2025-11-04,9642.794327762527
Nifty Midcap 150,2025-11-05,9709.783479371774
Nifty Midcap 150,2025-11-06,9750.549905682064
Nifty Midcap 150,2025-11-07,9787.745492070271
Nifty Midcap 150,2025-11-10,9724.824961081862
Nifty Midcap 150,2025-11-11,9876.95156657022
Nifty Midcap 150,2025-11-12,9941.139325765722
Nifty Midcap 150,2025-11-13,10092.42126281018
Nifty Midcap 150,2025-11-14,10057.427655005276
Nifty Midcap 150,2025-11-17,10095.528680693387
Nifty Midcap 150,2025-11-18,10162.792267635254
Nifty Midcap 150,2025-11-19,10050.741827734855
Nifty Midcap 150,2025-11-20,10090.186494188783
Nifty Midcap 150,2025-11-21,10031.253437569412
Nifty Midcap 150,2025-11-24,9934.715227436436
Nifty Midcap 150,2025-11-25,9855.3249573704
Nifty Midcap 150,2025-11-26,9853.85420681891
Nifty Midcap 150,2025-11-27,9788.20564800177
Nifty Midcap 150,2025-11-28,9844.783688676072
Nifty Midcap 150,2025-12-01,9765.808691153965
Nifty Midcap 150,2025-12-02,9685.453477428104
Nifty Midcap 150,2025-12-03,9539.099964248311
Nifty Midcap 150,2025-12-04,9713.613230900804
Nifty Midcap 150,2025-12-05,10014.019240116057
Nifty Midcap 150,2025-12-08,9931.648804222768
Nifty Midcap 150,2025-12-09,9965.722272419527
Nifty Midcap 150,2025-12-10,9828.058249505382
Nifty Midcap 150,2025-12-11,9893.443553850151
Nifty Midcap 150,2025-12-12,9777.404623837843
Nifty Midcap 150,2025-12-15,9914.546454815138
Nifty Midcap 150,2025-12-16,9826.36693026115
Nifty Midcap 150,2025-12-17,9762.278420061102
Nifty Midcap 150,2025-12-18,9655.306210573552
Nifty Midcap 150,2025-12-19,9866.06045274283
Nifty Midcap 150,2025-12-22,9605.87042041145
Nifty Midcap 150,2025-12-23,9355.058292916392
Nifty Midcap 150,2025-12-24,9530.548650817887
Nifty Midcap 150,2025-12-25,9629.156524124424
Nifty Midcap 150,2025-12-26,9475.693180090237
Nifty Midcap 150,2025-12-29,9324.762391477754
Nifty Midcap 150,2025-12-30,9294.680077107992
Nifty Midcap 150,2025-12-31,9460.443201267432
Nifty Midcap 150,2026-01-01,9567.200331700444
Nifty Midcap 150,2026-01-02,9647.521028332549
Nifty Midcap 150,2026-01-05,9585.84094957486
Nifty Midcap 150,2026-01-06,9561.495224310793
Nifty Midcap 150,2026-01-07,9453.102575073164
Nifty Midcap 150,2026-01-08,9345.577495091618
Nifty Midcap 150,2026-01-09,9269.29546836783
Nifty Midcap 150,2026-01-12,9431.1692102407
Nifty Midcap 150,2026-01-13,9504.785944328984
Nifty Midcap 150,2026-01-14,9212.587187505393
Nifty Midcap 150,2026-01-15,9093.889297356613
Nifty Midcap 150,2026-01-16,8885.453425996177
Nifty Midcap 150,2026-01-19,8933.204606775042
Nifty Midcap 150,2026-01-20,8766.870453673071
Nifty Midcap 150,2026-01-21,8734.273625003461
Nifty Midcap 150,2026-01-22,8580.74949532331
Nifty Midcap 150,2026-01-23,8472.056104963287
Nifty Midcap 150,2026-01-26,8323.644616023981
Nifty Midcap 150,2026-01-27,8329.476684893709
Nifty Midcap 150,2026-01-28,8117.762029039315
Nifty Midcap 150,2026-01-29,8220.075651417234
Nifty Midcap 150,2026-01-30,8521.24726393171
Nifty Midcap 150,2026-02-02,8547.439694701137
Nifty Midcap 150,2026-02-03,8665.799068319695
Nifty Midcap 150,2026-02-04,8723.56924651487
Nifty Midcap 150,2026-02-05,8607.764792732916
Nifty Midcap 150,2026-02-06,8760.348430592447
Nifty Midcap 150,2026-02-09,8798.730671138523
Nifty Midcap 150,2026-02-10,9000.188405820682
Nifty Midcap 150,2026-02-11,8777.6700171632
Nifty Midcap 150,2026-02-12,8736.24857642752
Nifty Midcap 150,2026-02-13,8794.951724892291
Nifty Midcap 150,2026-02-16,8709.799753933054
Nifty Midcap 150,2026-02-17,8600.503786224303
Nifty Midcap 150,2026-02-18,8647.13798582
Nifty Midcap 150,2026-02-19,8770.125462360258
Nifty Midcap 150,2026-02-20,8877.74329196919
Nifty Midcap 150,2026-02-23,8706.694172191974
Nifty Midcap 150,2026-02-24,8423.134319952149
Nifty Midcap 150,2026-02-25,8355.43042346218
Nifty Midcap 150,2026-02-26,8293.20674505598
Nifty Midcap 150,2026-02-27,8259.25317993533
Nifty Midcap 150,2026-03-02,8402.200365931056
Nifty Midcap 150,2026-03-03,8298.267792845358
Nifty Midcap 150,2026-03-04,8208.175284284032
Nifty Midcap 150,2026-03-05,8209.66156665899
Nifty Midcap 150,2026-03-06,8320.49983150086
Nifty Midcap 150,2026-03-09,8176.518663652838
Nifty Midcap 150,2026-03-10,7905.190275126164
Nifty Midcap 150,2026-03-11,7971.892899859962
Nifty Midcap 150,2026-03-12,7920.6749873501
Nifty Midcap 150,2026-03-13,8052.353431260962
Nifty Midcap 150,2026-03-16,8281.576012785154
Nifty Midcap 150,2026-03-17,8118.216150784904
Nifty Midcap 150,2026-03-18,7938.036806829298
Nifty Midcap 150,2026-03-19,7842.913616357932
Nifty Midcap 150,2026-03-20,7872.722333664298
Nifty Midcap 150,2026-03-23,7741.779814267916
Nifty Midcap 150,2026-03-24,7879.78849137195
Nifty Midcap 150,2026-03-25,7753.175527318661
Nifty Midcap 150,2026-03-26,7888.477466634704
Nifty Midcap 150,2026-03-27,7961.974002957407
Nifty Midcap 150,2026-03-30,8024.510036261192
Nifty Midcap 150,2026-03-31,7982.640236957261
Nifty Midcap 150,2026-04-01,7840.523306559658
Nifty Midcap 150,2026-04-02,7872.082356050594
Nifty Midcap 150,2026-04-03,7893.868540066927
Nifty Midcap 150,2026-04-06,8008.49669588666
Nifty Midcap 150,2026-04-07,7972.031648118676
Nifty Midcap 150,2026-04-08,7978.589685778107
Nifty Midcap 150,2026-04-09,7837.523054277494
Nifty Midcap 150,2026-04-10,7741.946045172415
Nifty Midcap 150,2026-04-13,7820.612396389341
Nifty Midcap 150,2026-04-14,7735.513455289836
Nifty Midcap 150,2026-04-15,7758.0943436553025
Nifty Midcap 150,2026-04-16,7825.012734824549
Nifty Midcap 150,2026-04-17,7737.340393909631
Nifty Midcap 150,2026-04-20,7695.008836437893
Nifty Midcap 150,2026-04-21,7573.70373692528
Nifty Midcap 150,2026-04-22,7568.652543217187
Nifty Midcap 150,2026-04-23,7594.215355618772
Nifty Midcap 150,2026-04-24,7502.207206893994
Nifty Midcap 150,2026-04-27,7483.578771447699
Nifty Midcap 150,2026-04-28,7470.926536990008
Nifty Midcap 150,2026-04-29,7374.106919656821
Nifty Midcap 150,2026-04-30,7412.17548601551
Nifty Midcap 150,2026-05-01,7594.7873843824655
Nifty Midcap 150,2026-05-04,7535.780674812995
Nifty Midcap 150,2026-05-05,7491.884728376698
Nifty Midcap 150,2026-05-06,7530.290044658232
Nifty Midcap 150,2026-05-07,7528.090229671617
Nifty Midcap 150,2026-05-08,7757.351879191131
Nifty Midcap 150,2026-05-11,7994.720482192896
Nifty Midcap 150,2026-05-12,7962.595193953609
Nifty Midcap 150,2026-05-13,8053.740046278365
Nifty Midcap 150,2026-05-14,8114.652790548861
Nifty Midcap 150,2026-05-15,8177.706817830813
Nifty Midcap 150,2026-05-18,8297.00612233162
Nifty Midcap 150,2026-05-19,8226.143892119166
Nifty Midcap 150,2026-05-20,8271.452980962516
Nifty Midcap 150,2026-05-21,8258.360261348927
Nifty Midcap 150,2026-05-22,8273.372900938632
Nifty Midcap 150,2026-05-25,8222.311055673761
Nifty Midcap 150,2026-05-26,8147.919350559962
Nifty Midcap 150,2026-05-27,8090.116366721883
Nifty Midcap 150,2026-05-28,8020.549170628167
Nifty Midcap 150,2026-05-29,8162.191211902142
BSE SmallCap,2022-01-03,25000.0
BSE SmallCap,2022-01-04,25628.6170973818
BSE SmallCap,2022-01-05,26092.4160624897
BSE SmallCap,2022-01-06,26741.020654432134
BSE SmallCap,2022-01-07,26856.43360376564
BSE SmallCap,2022-01-10,27426.054431946683
BSE SmallCap,2022-01-11,27513.32758873321
BSE SmallCap,2022-01-12,27457.29845584934
BSE SmallCap,2022-01-13,27468.344609162086
BSE SmallCap,2022-01-14,27493.930478836493
BSE SmallCap,2022-01-17,26956.52815782166
BSE SmallCap,2022-01-18,26968.06554206812
BSE SmallCap,2022-01-19,26475.992587231794
BSE SmallCap,2022-01-20,26605.75792893147
BSE SmallCap,2022-01-21,26974.47761441909
BSE SmallCap,2022-01-24,26848.80261719734
BSE SmallCap,2022-01-25,26932.88131667332
BSE SmallCap,2022-01-26,26631.74649550212
BSE SmallCap,2022-01-27,26407.67744046842
BSE SmallCap,2022-01-28,25532.58893990496
BSE SmallCap,2022-01-31,26389.36538294451
BSE SmallCap,2022-02-01,25890.37494774024
BSE SmallCap,2022-02-02,25723.88329230941
BSE SmallCap,2022-02-03,26334.826937868234
BSE SmallCap,2022-02-04,26881.3359646421
BSE SmallCap,2022-02-07,27191.096936207057
BSE SmallCap,2022-02-08,27083.26345392431
BSE SmallCap,2022-02-09,26749.111982844
BSE SmallCap,2022-02-10,27033.394420967707
BSE SmallCap,2022-02-11,26667.92686494312
BSE SmallCap,2022-02-14,26286.0804273338
BSE SmallCap,2022-02-15,26584.968130040277
BSE SmallCap,2022-02-16,27202.61862362399
BSE SmallCap,2022-02-17,26441.9465129815
BSE SmallCap,2022-02-18,25953.243294680484
BSE SmallCap,2022-02-21,26372.34363904368
BSE SmallCap,2022-02-22,26360.89397347959
BSE SmallCap,2022-02-23,26081.945626473087
BSE SmallCap,2022-02-24,26353.01023040183
BSE SmallCap,2022-02-25,26360.62435608358
BSE SmallCap,2022-02-28,26702.59542810388
BSE SmallCap,2022-03-01,26382.72046142851
BSE SmallCap,2022-03-02,26190.278607827404
BSE SmallCap,2022-03-03,26070.63019328296
BSE SmallCap,2022-03-04,25630.235357813854
BSE SmallCap,2022-03-07,25728.538415074792
BSE SmallCap,2022-03-08,25576.081267010704
BSE SmallCap,2022-03-09,25890.450161101176
BSE SmallCap,2022-03-10,26350.83455335748
BSE SmallCap,2022-03-11,26303.857968415672
BSE SmallCap,2022-03-14,26951.757815501816
BSE SmallCap,2022-03-15,27136.5879189144
BSE SmallCap,2022-03-16,26448.546823714623
BSE SmallCap,2022-03-17,26623.7232386266
BSE SmallCap,2022-03-18,26763.44948370843
BSE SmallCap,2022-03-21,26685.315977077207
BSE SmallCap,2022-03-22,26531.91622460012
BSE SmallCap,2022-03-23,26538.24213316268
BSE SmallCap,2022-03-24,27126.83800222885
BSE SmallCap,2022-03-25,27125.75319497878
BSE SmallCap,2022-03-28,27084.28871409549
BSE SmallCap,2022-03-29,27304.20335462349
BSE SmallCap,2022-03-30,26481.01232153822
BSE SmallCap,2022-03-31,26033.88695503719
BSE SmallCap,2022-04-01,25533.30988011145
BSE SmallCap,2022-04-04,24385.8392144727
BSE SmallCap,2022-04-05,24530.0225095556
BSE SmallCap,2022-04-06,24652.131152388687
BSE SmallCap,2022-04-07,25714.559897963223
BSE SmallCap,2022-04-08,25678.717384551943
BSE SmallCap,2022-04-11,25971.25204342106
BSE SmallCap,2022-04-12,25969.98973567767
BSE SmallCap,2022-04-13,26748.154374641403
BSE SmallCap,2022-04-14,27567.48691044348
BSE SmallCap,2022-04-15,28158.36767280541
BSE SmallCap,2022-04-18,28357.305919596434
BSE SmallCap,2022-04-19,29030.63875059832
BSE SmallCap,2022-04-20,28917.97964673433
BSE SmallCap,2022-04-21,28666.723626003903
BSE SmallCap,2022-04-22,28626.878157115145
BSE SmallCap,2022-04-25,28584.7212487581
BSE SmallCap,2022-04-26,29473.59208665166
BSE SmallCap,2022-04-27,29804.52261872549
BSE SmallCap,2022-04-28,29873.802236170905
BSE SmallCap,2022-04-29,29232.069225517505
BSE SmallCap,2022-05-02,29198.18378492204
BSE SmallCap,2022-05-03,29727.5743030034
BSE SmallCap,2022-05-04,29116.2126044617
BSE SmallCap,2022-05-05,30028.34266084388
BSE SmallCap,2022-05-06,30506.516457813326
BSE SmallCap,2022-05-09,30270.805966242093
BSE SmallCap,2022-05-10,30598.974992246494
BSE SmallCap,2022-05-11,30681.128723126927
BSE SmallCap,2022-05-12,30339.290449029908
BSE SmallCap,2022-05-13,30787.6014951046
BSE SmallCap,2022-05-16,31109.326135983694
BSE SmallCap,2022-05-17,31332.597367075054
BSE SmallCap,2022-05-18,31155.09598845696
BSE SmallCap,2022-05-19,31136.046889075435
BSE SmallCap,2022-05-20,31724.775770539705
BSE SmallCap,2022-05-23,30888.50981592743
BSE SmallCap,2022-05-24,30224.734700237743
BSE SmallCap,2022-05-25,30483.503069730137
BSE SmallCap,2022-05-26,31261.194671726556
BSE SmallCap,2022-05-27,31291.864285376072
BSE SmallCap,2022-05-30,32024.186581478712
BSE SmallCap,2022-05-31,32413.25119830528
BSE SmallCap,2022-06-01,32414.288811205763
BSE SmallCap,2022-06-02,32243.95909035752
BSE SmallCap,2022-06-03,31704.44241500542
BSE SmallCap,2022-06-06,32074.431956009827
BSE SmallCap,2022-06-07,32038.82030389949
BSE SmallCap,2022-06-08,32379.10907621916
BSE SmallCap,2022-06-09,32393.59913521941
BSE SmallCap,2022-06-10,32414.91998026485
BSE SmallCap,2022-06-13,31592.468862068075
BSE SmallCap,2022-06-14,31837.72075915546
BSE SmallCap,2022-06-15,30649.24514357388
BSE SmallCap,2022-06-16,31249.524245813
BSE SmallCap,2022-06-17,31663.892262978414
BSE SmallCap,2022-06-20,31408.199424397942
BSE SmallCap,2022-06-21,31058.71794955052
BSE SmallCap,2022-06-22,31328.47546681597
BSE SmallCap,2022-06-23,30929.34820078836
BSE SmallCap,2022-06-24,31366.79442771196
BSE SmallCap,2022-06-27,32397.40296192259
BSE SmallCap,2022-06-28,32772.535437415994
BSE SmallCap,2022-06-29,32938.75405684393
BSE SmallCap,2022-06-30,33339.39231437503
BSE SmallCap,2022-07-01,32602.65768820834
BSE SmallCap,2022-07-04,32537.31764156173
BSE SmallCap,2022-07-05,33273.06247464949
BSE SmallCap,2022-07-06,32092.85679356873
BSE SmallCap,2022-07-07,32842.60462869248
BSE SmallCap,2022-07-08,33006.93025537497
BSE SmallCap,2022-07-11,32230.92264776976
BSE SmallCap,2022-07-12,32636.78703799593
BSE SmallCap,2022-07-13,31905.94644996445
BSE SmallCap,2022-07-14,31735.913114372
BSE SmallCap,2022-07-15,32431.67332301733
BSE SmallCap,2022-07-18,31464.98518913912
BSE SmallCap,2022-07-19,31452.229964614136
BSE SmallCap,2022-07-20,31937.64227916537
BSE SmallCap,2022-07-21,31689.33366055101
BSE SmallCap,2022-07-22,31593.78442755653
BSE SmallCap,2022-07-25,31354.055735973878
BSE SmallCap,2022-07-26,31000.62092152422
BSE SmallCap,2022-07-27,31782.431319165284
BSE SmallCap,2022-07-28,32096.618406603004
BSE SmallCap,2022-07-29,32002.86867748801
BSE SmallCap,2022-08-01,32333.77101828634
BSE SmallCap,2022-08-02,32390.52529963252
BSE SmallCap,2022-08-03,31918.194251894045
BSE SmallCap,2022-08-04,31932.51537957749
BSE SmallCap,2022-08-05,31757.731792036066
BSE SmallCap,2022-08-08,32520.04439194368
BSE SmallCap,2022-08-09,32031.89809476469
BSE SmallCap,2022-08-10,31338.657795051786
BSE SmallCap,2022-08-11,32205.637479263514
BSE SmallCap,2022-08-12,31418.787507575064
BSE SmallCap,2022-08-15,31173.026440791764
BSE SmallCap,2022-08-16,31942.88397135585
BSE SmallCap,2022-08-17,31737.79579806822
BSE SmallCap,2022-08-18,31608.466847252
BSE SmallCap,2022-08-19,30538.687740064783
BSE SmallCap,2022-08-22,30800.031132761585
BSE SmallCap,2022-08-23,31155.723643756904
BSE SmallCap,2022-08-24,31592.127978350447
BSE SmallCap,2022-08-25,31363.832677657472
BSE SmallCap,2022-08-26,31805.17145769844
BSE SmallCap,2022-08-29,31168.694040345694
BSE SmallCap,2022-08-30,31828.72735559813
BSE SmallCap,2022-08-31,31378.530441850733
BSE SmallCap,2022-09-01,31119.864957369948
BSE SmallCap,2022-09-02,30667.642578273477
BSE SmallCap,2022-09-05,30741.014233536484
BSE SmallCap,2022-09-06,30933.006981197712
BSE SmallCap,2022-09-07,32094.29575226241
BSE SmallCap,2022-09-08,31598.740793566347
BSE SmallCap,2022-09-09,31204.058617724088
BSE SmallCap,2022-09-12,30680.71112747869
BSE SmallCap,2022-09-13,30910.217668622103
BSE SmallCap,2022-09-14,31626.08368854727
BSE SmallCap,2022-09-15,30990.47151000536
BSE SmallCap,2022-09-16,30642.54920727373
BSE SmallCap,2022-09-19,30883.60380098591
BSE SmallCap,2022-09-20,30932.692701271557
BSE SmallCap,2022-09-21,30753.95892209316
BSE SmallCap,2022-09-22,30339.26153478879
BSE SmallCap,2022-09-23,30369.275092783377
BSE SmallCap,2022-09-26,30311.161013942132
BSE SmallCap,2022-09-27,29846.424665139017
BSE SmallCap,2022-09-28,28642.448752459302
BSE SmallCap,2022-09-29,28390.784654090792
BSE SmallCap,2022-09-30,28365.265981604603
BSE SmallCap,2022-10-03,28325.88833162335
BSE SmallCap,2022-10-04,27948.459587571386
BSE SmallCap,2022-10-05,28425.56879092833
BSE SmallCap,2022-10-06,28152.09659882313
BSE SmallCap,2022-10-07,27770.310968754417
BSE SmallCap,2022-10-10,28296.54367764268
BSE SmallCap,2022-10-11,28198.547601359085
BSE SmallCap,2022-10-12,28347.402342505637
BSE SmallCap,2022-10-13,27339.5349566034
BSE SmallCap,2022-10-14,27354.980815429608
BSE SmallCap,2022-10-17,26845.69717311329
BSE SmallCap,2022-10-18,26821.0154364386
BSE SmallCap,2022-10-19,26641.191744782816
BSE SmallCap,2022-10-20,26734.6869792934
BSE SmallCap,2022-10-21,27000.96510778066
BSE SmallCap,2022-10-24,26774.615072787925
BSE SmallCap,2022-10-25,26946.072208537364
BSE SmallCap,2022-10-26,26670.689584438496
BSE SmallCap,2022-10-27,26741.047756546643
BSE SmallCap,2022-10-28,26682.711169777827
BSE SmallCap,2022-10-31,26625.633848834947
BSE SmallCap,2022-11-01,26883.47071785247
BSE SmallCap,2022-11-02,26845.81381759159
BSE SmallCap,2022-11-03,27821.93507934044
BSE SmallCap,2022-11-04,28409.15953531408
BSE SmallCap,2022-11-07,27564.75110201925
BSE SmallCap,2022-11-08,27151.39332257935
BSE SmallCap,2022-11-09,26922.91248938692
BSE SmallCap,2022-11-10,26298.431879549127
BSE SmallCap,2022-11-11,26765.851836440237
BSE SmallCap,2022-11-14,26305.93534418122
BSE SmallCap,2022-11-15,26108.698157817144
BSE SmallCap,2022-11-16,26049.090699530887
BSE SmallCap,2022-11-17,25117.607443202523
BSE SmallCap,2022-11-18,25103.704263273798
BSE SmallCap,2022-11-21,25690.458187316413
BSE SmallCap,2022-11-22,25187.401305954045
BSE SmallCap,2022-11-23,25074.111197004066
BSE SmallCap,2022-11-24,24990.22222386848
BSE SmallCap,2022-11-25,24313.411967741275
BSE SmallCap,2022-11-28,24499.59050837019
BSE SmallCap,2022-11-29,24732.41187033162
BSE SmallCap,2022-11-30,24920.529904478542
BSE SmallCap,2022-12-01,25597.78253603256
BSE SmallCap,2022-12-02,25633.98282889665
BSE SmallCap,2022-12-05,25240.1482890338
BSE SmallCap,2022-12-06,25517.474280873237
BSE SmallCap,2022-12-07,25823.868069265347
BSE SmallCap,2022-12-08,25190.706115202192
BSE SmallCap,2022-12-09,25207.158989649677
BSE SmallCap,2022-12-12,24858.81858026896
BSE SmallCap,2022-12-13,24816.802756837507
BSE SmallCap,2022-12-14,24175.571276521478
BSE SmallCap,2022-12-15,23812.99248459387
BSE SmallCap,2022-12-16,24131.98493006742
BSE SmallCap,2022-12-19,24304.62095291994
BSE SmallCap,2022-12-20,23788.657667241856
BSE SmallCap,2022-12-21,23641.72433158881
BSE SmallCap,2022-12-22,22640.90353085245
BSE SmallCap,2022-12-23,22692.7056234736
BSE SmallCap,2022-12-26,22088.54120226461
BSE SmallCap,2022-12-27,21723.204387631285
BSE SmallCap,2022-12-28,21883.436732211467
BSE SmallCap,2022-12-29,21300.77657499881
BSE SmallCap,2022-12-30,21207.114115458706
BSE SmallCap,2023-01-02,20911.31716063128
BSE SmallCap,2023-01-03,21011.85242065656
BSE SmallCap,2023-01-04,20764.863633592387
BSE SmallCap,2023-01-05,20999.50415602287
BSE SmallCap,2023-01-06,20770.91920799411
BSE SmallCap,2023-01-09,20524.510660130232
BSE SmallCap,2023-01-10,20183.138863665536
BSE SmallCap,2023-01-11,20193.263748318597
BSE SmallCap,2023-01-12,19798.48628623227
BSE SmallCap,2023-01-13,19586.074622806587
BSE SmallCap,2023-01-16,20199.831808018105
BSE SmallCap,2023-01-17,20461.956493950693
BSE SmallCap,2023-01-18,19917.531256284536
BSE SmallCap,2023-01-19,20287.080938939507
BSE SmallCap,2023-01-20,20577.12310016968
BSE SmallCap,2023-01-23,20418.178310230625
BSE SmallCap,2023-01-24,19943.68156652121
BSE SmallCap,2023-01-25,19599.26495941386
BSE SmallCap,2023-01-26,18972.185471826426
BSE SmallCap,2023-01-27,18420.67298859232
BSE SmallCap,2023-01-30,19129.65041567653
BSE SmallCap,2023-01-31,19294.651025525895
BSE SmallCap,2023-02-01,19239.928737072896
BSE SmallCap,2023-02-02,19472.29149254056
BSE SmallCap,2023-02-03,19958.98635015539
BSE SmallCap,2023-02-06,19469.18891589416
BSE SmallCap,2023-02-07,19491.60454719252
BSE SmallCap,2023-02-08,19773.99915109256
BSE SmallCap,2023-02-09,19692.51233130189
BSE SmallCap,2023-02-10,19897.824669360576
BSE SmallCap,2023-02-13,19662.697812119768
BSE SmallCap,2023-02-14,19792.127850074132
BSE SmallCap,2023-02-15,20019.55173942364
BSE SmallCap,2023-02-16,20121.875436001093
BSE SmallCap,2023-02-17,20182.436961965235
BSE SmallCap,2023-02-20,20034.97593921987
BSE SmallCap,2023-02-21,20028.222339139404
BSE SmallCap,2023-02-22,20403.26475759324
BSE SmallCap,2023-02-23,20520.03155392253
BSE SmallCap,2023-02-24,20495.368137420053
BSE SmallCap,2023-02-27,20116.60228601556
BSE SmallCap,2023-02-28,20312.89174898533
BSE SmallCap,2023-03-01,20059.03449999905
BSE SmallCap,2023-03-02,20761.85167510565
BSE SmallCap,2023-03-03,20666.52161539661
BSE SmallCap,2023-03-06,20613.515823365768
BSE SmallCap,2023-03-07,21403.071272987658
BSE SmallCap,2023-03-08,21878.963593852084
BSE SmallCap,2023-03-09,21956.31080269104
BSE SmallCap,2023-03-10,21635.14764767061
BSE SmallCap,2023-03-13,21478.878716647512
BSE SmallCap,2023-03-14,21944.937909565346
BSE SmallCap,2023-03-15,22362.274815752065
BSE SmallCap,2023-03-16,22813.03145929307
BSE SmallCap,2023-03-17,22603.99406256662
BSE SmallCap,2023-03-20,22659.52224128393
BSE SmallCap,2023-03-21,23184.48780134421
BSE SmallCap,2023-03-22,23222.449128360306
BSE SmallCap,2023-03-23,23706.90299717077
BSE SmallCap,2023-03-24,23601.676256580533
BSE SmallCap,2023-03-27,23174.125606277343
BSE SmallCap,2023-03-28,23356.73247680292
BSE SmallCap,2023-03-29,23188.64157998636
BSE SmallCap,2023-03-30,23143.92715204529
BSE SmallCap,2023-03-31,22207.44711685776
BSE SmallCap,2023-04-03,22069.287111812744
BSE SmallCap,2023-04-04,21927.31857752693
BSE SmallCap,2023-04-05,21317.400825338937
BSE SmallCap,2023-04-06,20415.66590872692
BSE SmallCap,2023-04-07,21045.59991162092
BSE SmallCap,2023-04-10,19804.2338083704
BSE SmallCap,2023-04-11,19509.9368088843
BSE SmallCap,2023-04-12,19551.6265810879
BSE SmallCap,2023-04-13,19716.438075981783
BSE SmallCap,2023-04-14,20052.389066867323
BSE SmallCap,2023-04-17,20459.45395870128
BSE SmallCap,2023-04-18,20649.40159324701
BSE SmallCap,2023-04-19,19728.768081758237
BSE SmallCap,2023-04-20,19273.55398126061
BSE SmallCap,2023-04-21,19154.34431368756
BSE SmallCap,2023-04-24,18390.083298870184
BSE SmallCap,2023-04-25,18560.35187076027
BSE SmallCap,2023-04-26,18766.63465528784
BSE SmallCap,2023-04-27,19026.508966216537
BSE SmallCap,2023-04-28,19211.050345348816
BSE SmallCap,2023-05-01,18830.169756273197
BSE SmallCap,2023-05-02,18187.235375144464
BSE SmallCap,2023-05-03,17914.03324362499
BSE SmallCap,2023-05-04,17463.075198521856
BSE SmallCap,2023-05-05,17071.710070461933
BSE SmallCap,2023-05-08,17493.993993455977
BSE SmallCap,2023-05-09,17573.667829870108
BSE SmallCap,2023-05-10,17718.949093425756
BSE SmallCap,2023-05-11,18057.79567040874
BSE SmallCap,2023-05-12,18573.60258719391
BSE SmallCap,2023-05-15,17975.356313170843
BSE SmallCap,2023-05-16,18451.81782976005
BSE SmallCap,2023-05-17,18797.272178131603
BSE SmallCap,2023-05-18,18477.91008125942
BSE SmallCap,2023-05-19,18673.83729135393
BSE SmallCap,2023-05-22,18995.17322325386
BSE SmallCap,2023-05-23,19616.51435363265
BSE SmallCap,2023-05-24,19805.36914458989
BSE SmallCap,2023-05-25,20203.3741706144
BSE SmallCap,2023-05-26,20468.62292760824
BSE SmallCap,2023-05-29,20698.70463214444
BSE SmallCap,2023-05-30,20921.608546235748
BSE SmallCap,2023-05-31,20193.857565171
BSE SmallCap,2023-06-01,20459.16040987688
BSE SmallCap,2023-06-02,20499.67267370843
BSE SmallCap,2023-06-05,19894.061208843053
BSE SmallCap,2023-06-06,20523.684361095624
BSE SmallCap,2023-06-07,20519.05367856649
BSE SmallCap,2023-06-08,20693.970074472894
BSE SmallCap,2023-06-09,20260.280918996177
BSE SmallCap,2023-06-12,20196.681432763187
BSE SmallCap,2023-06-13,19363.1743400326
BSE SmallCap,2023-06-14,19169.76031010929
BSE SmallCap,2023-06-15,19053.47571683089
BSE SmallCap,2023-06-16,19211.56269883116
BSE SmallCap,2023-06-19,19733.36341797245
BSE SmallCap,2023-06-20,19085.802904288863
BSE SmallCap,2023-06-21,18887.73876477744
BSE SmallCap,2023-06-22,19204.37076182957
BSE SmallCap,2023-06-23,19587.653796906627
BSE SmallCap,2023-06-26,19187.322049979128
BSE SmallCap,2023-06-27,19229.43342042544
BSE SmallCap,2023-06-28,18861.13299372245
BSE SmallCap,2023-06-29,18263.52226522196
BSE SmallCap,2023-06-30,18016.906314413347
BSE SmallCap,2023-07-03,17630.11214406684
BSE SmallCap,2023-07-04,17431.32515229897
BSE SmallCap,2023-07-05,17309.330510541695
BSE SmallCap,2023-07-06,17432.89585079225
BSE SmallCap,2023-07-07,17995.602851372547
BSE SmallCap,2023-07-10,18092.205283962445
BSE SmallCap,2023-07-11,18066.412580638877
BSE SmallCap,2023-07-12,18041.550751572096
BSE SmallCap,2023-07-13,18799.079663473447
BSE SmallCap,2023-07-14,19136.439088658622
BSE SmallCap,2023-07-17,19161.888030503076
BSE SmallCap,2023-07-18,19454.3835598589
BSE SmallCap,2023-07-19,19106.85309849781
BSE SmallCap,2023-07-20,19010.39675136553
BSE SmallCap,2023-07-21,19372.132958542123
BSE SmallCap,2023-07-24,19948.45795071222
BSE SmallCap,2023-07-25,19319.869830074716
BSE SmallCap,2023-07-26,19197.0228641776
BSE SmallCap,2023-07-27,18476.908041697883
BSE SmallCap,2023-07-28,18225.240701023056
BSE SmallCap,2023-07-31,18209.49780239971
BSE SmallCap,2023-08-01,18183.47225411825
BSE SmallCap,2023-08-02,17901.84308344676
BSE SmallCap,2023-08-03,17893.27817783153
BSE SmallCap,2023-08-04,17844.163180968593
BSE SmallCap,2023-08-07,17696.225932482957
BSE SmallCap,2023-08-08,17825.994019179983
BSE SmallCap,2023-08-09,17681.61350986446
BSE SmallCap,2023-08-10,17264.499690774373
BSE SmallCap,2023-08-11,17275.074885473332
BSE SmallCap,2023-08-14,16876.062990778555
BSE SmallCap,2023-08-15,16387.244965486698
BSE SmallCap,2023-08-16,16704.013029858383
BSE SmallCap,2023-08-17,16755.282384975
BSE SmallCap,2023-08-18,16847.396249669877
BSE SmallCap,2023-08-21,17046.298786992193
BSE SmallCap,2023-08-22,17423.90246688047
BSE SmallCap,2023-08-23,17289.734294541926
BSE SmallCap,2023-08-24,17137.090533122868
BSE SmallCap,2023-08-25,17185.4111902104
BSE SmallCap,2023-08-28,17109.117481817866
BSE SmallCap,2023-08-29,16968.876687489344
BSE SmallCap,2023-08-30,17200.881407876655
BSE SmallCap,2023-08-31,17233.731351686587
BSE SmallCap,2023-09-01,17150.240917868952
BSE SmallCap,2023-09-04,17240.950381775503
BSE SmallCap,2023-09-05,16787.895734780926
BSE SmallCap,2023-09-06,16748.924798685868
BSE SmallCap,2023-09-07,17336.04896876986
BSE SmallCap,2023-09-08,17328.70845869654
BSE SmallCap,2023-09-11,17278.09121771962
BSE SmallCap,2023-09-12,17554.719897337276
BSE SmallCap,2023-09-13,17718.40907679244
BSE SmallCap,2023-09-14,17639.305435919934
BSE SmallCap,2023-09-15,17809.11123619479
BSE SmallCap,2023-09-18,17394.83864668052
BSE SmallCap,2023-09-19,17547.90980168925
BSE SmallCap,2023-09-20,17488.02648603166
BSE SmallCap,2023-09-21,17291.084054432733
BSE SmallCap,2023-09-22,17336.23134039696
BSE SmallCap,2023-09-25,16867.68099201017
BSE SmallCap,2023-09-26,17151.681221576
BSE SmallCap,2023-09-27,17311.4895611411
BSE SmallCap,2023-09-28,17265.647265902928
BSE SmallCap,2023-09-29,17339.161684064606
BSE SmallCap,2023-10-02,17527.372097725136
BSE SmallCap,2023-10-03,17486.93839620178
BSE SmallCap,2023-10-04,17837.35793563018
BSE SmallCap,2023-10-05,18057.64762940595
BSE SmallCap,2023-10-06,17525.111406868822
BSE SmallCap,2023-10-09,17317.56341580598
BSE SmallCap,2023-10-10,17104.257904798083
BSE SmallCap,2023-10-11,16838.306364102667
BSE SmallCap,2023-10-12,17169.41795489266
BSE SmallCap,2023-10-13,17020.745932554542
BSE SmallCap,2023-10-16,16612.68260924336
BSE SmallCap,2023-10-17,16609.66110876295
BSE SmallCap,2023-10-18,16547.596398761212
BSE SmallCap,2023-10-19,16757.563029170815
BSE SmallCap,2023-10-20,16763.619126887494
BSE SmallCap,2023-10-23,17490.441540361644
BSE SmallCap,2023-10-24,17477.405795529336
BSE SmallCap,2023-10-25,17418.302571822416
BSE SmallCap,2023-10-26,16957.231507815966
BSE SmallCap,2023-10-27,16871.842894155492
BSE SmallCap,2023-10-30,17155.73910886904
BSE SmallCap,2023-10-31,16956.86924640249
BSE SmallCap,2023-11-01,16852.49253666438
BSE SmallCap,2023-11-02,17236.38081419479
BSE SmallCap,2023-11-03,17561.63931601843
BSE SmallCap,2023-11-06,17760.702783132747
BSE SmallCap,2023-11-07,18163.8131741187
BSE SmallCap,2023-11-08,18130.986547870365
BSE SmallCap,2023-11-09,18172.698308874365
BSE SmallCap,2023-11-10,18190.844886365376
BSE SmallCap,2023-11-13,18112.800107424144
BSE SmallCap,2023-11-14,17695.403544471937
BSE SmallCap,2023-11-15,17651.754826549317
BSE SmallCap,2023-11-16,18427.032360607445
BSE SmallCap,2023-11-17,18416.762353930477
BSE SmallCap,2023-11-20,18341.26858496566
BSE SmallCap,2023-11-21,18353.09837618882
BSE SmallCap,2023-11-22,18697.230325797216
BSE SmallCap,2023-11-23,18297.83642140352
BSE SmallCap,2023-11-24,18082.142674517847
BSE SmallCap,2023-11-27,18008.709490926245
BSE SmallCap,2023-11-28,17708.54465544741
BSE SmallCap,2023-11-29,17563.079621194058
BSE SmallCap,2023-11-30,17398.745400969878
BSE SmallCap,2023-12-01,17369.420717147525
BSE SmallCap,2023-12-04,17182.008965626115
BSE SmallCap,2023-12-05,17558.25994125867
BSE SmallCap,2023-12-06,17763.89402199795
BSE SmallCap,2023-12-07,17526.609419768974
BSE SmallCap,2023-12-08,17334.43283128292
BSE SmallCap,2023-12-11,17085.24192838622
BSE SmallCap,2023-12-12,16887.762167032623
BSE SmallCap,2023-12-13,16866.794819948096
BSE SmallCap,2023-12-14,16474.368883307558
BSE SmallCap,2023-12-15,16900.040674718166
BSE SmallCap,2023-12-18,17028.712112405665
BSE SmallCap,2023-12-19,16920.394580964843
BSE SmallCap,2023-12-20,17064.056207273607
BSE SmallCap,2023-12-21,17206.355700659187
BSE SmallCap,2023-12-22,17777.10348837018
BSE SmallCap,2023-12-25,18208.194069240235
BSE SmallCap,2023-12-26,18401.534219323265
BSE SmallCap,2023-12-27,18866.90828938689
BSE SmallCap,2023-12-28,18823.93017797092
BSE SmallCap,2023-12-29,18561.73638517349
BSE SmallCap,2024-01-01,18439.839076784803
BSE SmallCap,2024-01-02,18646.137099831907
BSE SmallCap,2024-01-03,18968.62298455409
BSE SmallCap,2024-01-04,19023.692487360662
BSE SmallCap,2024-01-05,18514.877999654607
BSE SmallCap,2024-01-08,18703.731283544326
BSE SmallCap,2024-01-09,18529.327640037896
BSE SmallCap,2024-01-10,18644.1564353222
BSE SmallCap,2024-01-11,18625.60853767618
BSE SmallCap,2024-01-12,18971.12303066716
BSE SmallCap,2024-01-15,19405.658915681903
BSE SmallCap,2024-01-16,19307.72328034239
BSE SmallCap,2024-01-17,19209.336231245823
BSE SmallCap,2024-01-18,18845.37803307258
BSE SmallCap,2024-01-19,18913.0904812982
BSE SmallCap,2024-01-22,18779.83572053588
BSE SmallCap,2024-01-23,18757.05642158087
BSE SmallCap,2024-01-24,18834.87135577669
BSE SmallCap,2024-01-25,18725.805231851187
BSE SmallCap,2024-01-26,18304.101042083206
BSE SmallCap,2024-01-29,18516.02064498184
BSE SmallCap,2024-01-30,18085.76100896162
BSE SmallCap,2024-01-31,17592.65614562251
BSE SmallCap,2024-02-01,18036.28903247177
BSE SmallCap,2024-02-02,17495.57309665591
BSE SmallCap,2024-02-05,17601.321620992418
BSE SmallCap,2024-02-06,18028.78505666093
BSE SmallCap,2024-02-07,17683.716775612997
BSE SmallCap,2024-02-08,17891.051464373864
BSE SmallCap,2024-02-09,18244.773786226717
BSE SmallCap,2024-02-12,17761.852481381346
BSE SmallCap,2024-02-13,17725.998239823326
BSE SmallCap,2024-02-14,17142.796035666175
BSE SmallCap,2024-02-15,16976.540081693016
BSE SmallCap,2024-02-16,17198.812145843884
BSE SmallCap,2024-02-19,17389.96872550415
BSE SmallCap,2024-02-20,17541.03971520843
BSE SmallCap,2024-02-21,17301.75833471475
BSE SmallCap,2024-02-22,17462.584449530157
BSE SmallCap,2024-02-23,17605.986460069038
BSE SmallCap,2024-02-26,17497.885381512635
BSE SmallCap,2024-02-27,16976.613093365708
BSE SmallCap,2024-02-28,16291.603356777514
BSE SmallCap,2024-02-29,16178.24094145123
BSE SmallCap,2024-03-01,16162.02373982444
BSE SmallCap,2024-03-04,16093.580352780633
BSE SmallCap,2024-03-05,16237.868208763635
BSE SmallCap,2024-03-06,15981.056269606745
BSE SmallCap,2024-03-07,15781.538456749548
BSE SmallCap,2024-03-08,15683.961309228052
BSE SmallCap,2024-03-11,15876.084716117197
BSE SmallCap,2024-03-12,15632.624462593163
BSE SmallCap,2024-03-13,15750.837245463226
BSE SmallCap,2024-03-14,16346.714579301912
BSE SmallCap,2024-03-15,16723.71471548511
BSE SmallCap,2024-03-18,16888.969723636692
BSE SmallCap,2024-03-19,16792.42606879784
BSE SmallCap,2024-03-20,15841.29324968876
BSE SmallCap,2024-03-21,15922.971023905317
BSE SmallCap,2024-03-22,16119.860933082637
BSE SmallCap,2024-03-25,15833.166307416172
BSE SmallCap,2024-03-26,15875.437120465487
BSE SmallCap,2024-03-27,15926.701307736492
BSE SmallCap,2024-03-28,15799.742585895976
BSE SmallCap,2024-03-29,16454.098615699666
BSE SmallCap,2024-04-01,16149.237991070502
BSE SmallCap,2024-04-02,16318.499831030804
BSE SmallCap,2024-04-03,16551.384537079637
BSE SmallCap,2024-04-04,16521.300399481497
BSE SmallCap,2024-04-05,16770.57889832402
BSE SmallCap,2024-04-08,16885.671256616028
BSE SmallCap,2024-04-09,17373.7591948876
BSE SmallCap,2024-04-10,17742.015175021927
BSE SmallCap,2024-04-11,17564.515747937807
BSE SmallCap,2024-04-12,17716.88784697412
BSE SmallCap,2024-04-15,17474.510247164144
BSE SmallCap,2024-04-16,17183.793673137432
BSE SmallCap,2024-04-17,17444.52515463481
BSE SmallCap,2024-04-18,17082.620806634324
BSE SmallCap,2024-04-19,16715.30321674432
BSE SmallCap,2024-04-22,16204.894389169527
BSE SmallCap,2024-04-23,15973.839269761069
BSE SmallCap,2024-04-24,15777.513628259056
BSE SmallCap,2024-04-25,15993.947942056398
BSE SmallCap,2024-04-26,16059.012591478033
BSE SmallCap,2024-04-29,16260.915075749324
BSE SmallCap,2024-04-30,15874.316980740929
BSE SmallCap,2024-05-01,16457.191847828184
BSE SmallCap,2024-05-02,16761.252374994856
BSE SmallCap,2024-05-03,17153.617799114185
BSE SmallCap,2024-05-06,16712.941024280564
BSE SmallCap,2024-05-07,16704.416345572314
BSE SmallCap,2024-05-08,17054.866354684986
BSE SmallCap,2024-05-09,17050.551469466805
BSE SmallCap,2024-05-10,17097.72854665154
BSE SmallCap,2024-05-13,17466.349047363325
BSE SmallCap,2024-05-14,17248.931181687603
BSE SmallCap,2024-05-15,17658.732448010345
BSE SmallCap,2024-05-16,17640.1295778307
BSE SmallCap,2024-05-17,17623.4302935376
BSE SmallCap,2024-05-20,17430.85766056138
BSE SmallCap,2024-05-21,18058.436561565755
BSE SmallCap,2024-05-22,18122.23624868575
BSE SmallCap,2024-05-23,17773.18606685628
BSE SmallCap,2024-05-24,17670.31024321296
BSE SmallCap,2024-05-27,18285.159051385
BSE SmallCap,2024-05-28,18913.006028059
BSE SmallCap,2024-05-29,18840.67799401713
BSE SmallCap,2024-05-30,18861.75853087312
BSE SmallCap,2024-05-31,18261.01108366789
BSE SmallCap,2024-06-03,18851.269905596837
BSE SmallCap,2024-06-04,19037.134097791957
BSE SmallCap,2024-06-05,18459.58569630396
BSE SmallCap,2024-06-06,18267.487335624348
BSE SmallCap,2024-06-07,17393.588005751397
BSE SmallCap,2024-06-10,17031.73447659712
BSE SmallCap,2024-06-11,17070.1892875843
BSE SmallCap,2024-06-12,16953.300952519836
BSE SmallCap,2024-06-13,17113.55597292154
BSE SmallCap,2024-06-14,17296.978440207287
BSE SmallCap,2024-06-17,17549.15003449087
BSE SmallCap,2024-06-18,18247.775233107765
BSE SmallCap,2024-06-19,18359.825886608676
BSE SmallCap,2024-06-20,18675.21276030085
BSE SmallCap,2024-06-21,18362.609726672632
BSE SmallCap,2024-06-24,18354.786153658348
BSE SmallCap,2024-06-25,18512.0086611822
BSE SmallCap,2024-06-26,18353.8994179754
BSE SmallCap,2024-06-27,18181.44949484994
BSE SmallCap,2024-06-28,18426.122362850463
BSE SmallCap,2024-07-01,18722.58476800633
BSE SmallCap,2024-07-02,18278.37323775296
BSE SmallCap,2024-07-03,18382.98350960781
BSE SmallCap,2024-07-04,18461.804026701
BSE SmallCap,2024-07-05,18570.67467463642
BSE SmallCap,2024-07-08,18830.980925869168
BSE SmallCap,2024-07-09,18742.81471856416
BSE SmallCap,2024-07-10,18565.768814591476
BSE SmallCap,2024-07-11,18586.354088893782
BSE SmallCap,2024-07-12,18131.99221987928
BSE SmallCap,2024-07-15,18481.55903655466
BSE SmallCap,2024-07-16,18398.5970707263
BSE SmallCap,2024-07-17,18893.31398247863
BSE SmallCap,2024-07-18,19431.289414805764
BSE SmallCap,2024-07-19,18717.865636647675
BSE SmallCap,2024-07-22,18724.603463760068
BSE SmallCap,2024-07-23,18900.75539778031
BSE SmallCap,2024-07-24,18851.6209272014
BSE SmallCap,2024-07-25,18748.272483199256
BSE SmallCap,2024-07-26,19444.82500498531
BSE SmallCap,2024-07-29,19683.45050822613
BSE SmallCap,2024-07-30,19804.48938572357
BSE SmallCap,2024-07-31,20016.65316470146
BSE SmallCap,2024-08-01,20498.20632817299
BSE SmallCap,2024-08-02,20264.027591689675
BSE SmallCap,2024-08-05,20653.991519849653
BSE SmallCap,2024-08-06,20849.54948574198
BSE SmallCap,2024-08-07,20771.37387825853
BSE SmallCap,2024-08-08,20946.61730788673
BSE SmallCap,2024-08-09,21428.589342894345
BSE SmallCap,2024-08-12,21509.56795737114
BSE SmallCap,2024-08-13,21723.997023525462
BSE SmallCap,2024-08-14,22431.646915426903
BSE SmallCap,2024-08-15,22123.51942403521
BSE SmallCap,2024-08-16,21946.8136643512
BSE SmallCap,2024-08-19,22049.192809467837
BSE SmallCap,2024-08-20,22128.16390866188
BSE SmallCap,2024-08-21,22748.98909084121
BSE SmallCap,2024-08-22,23299.95374254613
BSE SmallCap,2024-08-23,22683.751215861597
BSE SmallCap,2024-08-26,22905.70046211584
BSE SmallCap,2024-08-27,22604.78614953297
BSE SmallCap,2024-08-28,23481.113383909476
BSE SmallCap,2024-08-29,23790.76955841577
BSE SmallCap,2024-08-30,23985.74805762033
BSE SmallCap,2024-09-02,24031.39509723323
BSE SmallCap,2024-09-03,24020.59750321752
BSE SmallCap,2024-09-04,22881.65066865873
BSE SmallCap,2024-09-05,23136.072883879875
BSE SmallCap,2024-09-06,23297.500154624788
BSE SmallCap,2024-09-09,23355.99665446709
BSE SmallCap,2024-09-10,23302.825359504783
BSE SmallCap,2024-09-11,23118.51873399925
BSE SmallCap,2024-09-12,23430.22220313273
BSE SmallCap,2024-09-13,23492.4613980075
BSE SmallCap,2024-09-16,23110.497858781662
BSE SmallCap,2024-09-17,23779.532563926823
BSE SmallCap,2024-09-18,23108.307314589347
BSE SmallCap,2024-09-19,23276.336529667413
BSE SmallCap,2024-09-20,23470.869953152134
BSE SmallCap,2024-09-23,23665.80983756196
BSE SmallCap,2024-09-24,24183.151700906343
BSE SmallCap,2024-09-25,23662.89651957965
BSE SmallCap,2024-09-26,23322.715003807672
BSE SmallCap,2024-09-27,22676.4386034191
BSE SmallCap,2024-09-30,22808.688017475582
BSE SmallCap,2024-10-01,22886.0978581606
BSE SmallCap,2024-10-02,23120.85251199897
BSE SmallCap,2024-10-03,23788.533944851115
BSE SmallCap,2024-10-04,23437.09942695142
BSE SmallCap,2024-10-07,23680.37015994715
BSE SmallCap,2024-10-08,23009.946131387525
BSE SmallCap,2024-10-09,22745.855863572957
BSE SmallCap,2024-10-10,22981.445052560008
BSE SmallCap,2024-10-11,23254.232840829216
BSE SmallCap,2024-10-14,23179.83591934341
BSE SmallCap,2024-10-15,23325.656664789258
BSE SmallCap,2024-10-16,23212.27164448096
BSE SmallCap,2024-10-17,22850.4565936607
BSE SmallCap,2024-10-18,22987.22119459431
BSE SmallCap,2024-10-21,23148.65976198677
BSE SmallCap,2024-10-22,23102.138362808146
BSE SmallCap,2024-10-23,23373.836018568967
BSE SmallCap,2024-10-24,23970.06448450508
BSE SmallCap,2024-10-25,24088.00561519855
BSE SmallCap,2024-10-28,24090.675674304923
BSE SmallCap,2024-10-29,24654.055459044277
BSE SmallCap,2024-10-30,24932.28057646599
BSE SmallCap,2024-10-31,25446.444576035887
BSE SmallCap,2024-11-01,25659.26521272692
BSE SmallCap,2024-11-04,25405.68850424326
BSE SmallCap,2024-11-05,25467.007910065862
BSE SmallCap,2024-11-06,26199.97228374104
BSE SmallCap,2024-11-07,26519.03271574165
BSE SmallCap,2024-11-08,27066.2724533834
BSE SmallCap,2024-11-11,27225.447815046897
BSE SmallCap,2024-11-12,28056.549195123866
BSE SmallCap,2024-11-13,28234.788167686496
BSE SmallCap,2024-11-14,27335.750259715343
BSE SmallCap,2024-11-15,27488.233838538563
BSE SmallCap,2024-11-18,28376.925408379888
BSE SmallCap,2024-11-19,29318.804353676474
BSE SmallCap,2024-11-20,30173.578301987534
BSE SmallCap,2024-11-21,30050.541325929968
BSE SmallCap,2024-11-22,30069.30265686073
BSE SmallCap,2024-11-25,30340.561427704404
BSE SmallCap,2024-11-26,30275.716823990035
BSE SmallCap,2024-11-27,31144.461665351497
BSE SmallCap,2024-11-28,31559.865214628284
BSE SmallCap,2024-11-29,31373.830603915387
BSE SmallCap,2024-12-02,32089.392324884277
BSE SmallCap,2024-12-03,32074.83062818209
BSE SmallCap,2024-12-04,32860.80563742742
BSE SmallCap,2024-12-05,32662.21678453646
BSE SmallCap,2024-12-06,33542.273480143405
BSE SmallCap,2024-12-09,32939.06661864435
BSE SmallCap,2024-12-10,32232.480808754022
BSE SmallCap,2024-12-11,31941.301726753863
BSE SmallCap,2024-12-12,31980.40424338366
BSE SmallCap,2024-12-13,32406.717102263297
BSE SmallCap,2024-12-16,31746.27407484645
BSE SmallCap,2024-12-17,31296.912065750683
BSE SmallCap,2024-12-18,31019.897967317636
BSE SmallCap,2024-12-19,31222.575535576518
BSE SmallCap,2024-12-20,30763.45420655901
BSE SmallCap,2024-12-23,31188.04399251452
BSE SmallCap,2024-12-24,31683.41596516179
BSE SmallCap,2024-12-25,30987.011291544542
BSE SmallCap,2024-12-26,32587.02641088121
BSE SmallCap,2024-12-27,33299.166258713434
BSE SmallCap,2024-12-30,33552.37895993406
BSE SmallCap,2024-12-31,34256.17559297104
BSE SmallCap,2025-01-01,35021.52990122043
BSE SmallCap,2025-01-02,35295.10014952119
BSE SmallCap,2025-01-03,33966.69758476465
BSE SmallCap,2025-01-06,33274.265852764736
BSE SmallCap,2025-01-07,33227.63895461421
BSE SmallCap,2025-01-08,34309.98820755602
BSE SmallCap,2025-01-09,34219.97198836581
BSE SmallCap,2025-01-10,32959.47743563538
BSE SmallCap,2025-01-13,32765.195428524752
BSE SmallCap,2025-01-14,32612.302779331065
BSE SmallCap,2025-01-15,31985.53549646052
BSE SmallCap,2025-01-16,32735.99544899583
BSE SmallCap,2025-01-17,33097.86666607316
BSE SmallCap,2025-01-20,32217.842398328707
BSE SmallCap,2025-01-21,32894.15818990821
BSE SmallCap,2025-01-22,33197.82721331703
BSE SmallCap,2025-01-23,34267.72011499163
BSE SmallCap,2025-01-24,34911.757134268184
BSE SmallCap,2025-01-27,34575.76252158301
BSE SmallCap,2025-01-28,34966.073878677926
BSE SmallCap,2025-01-29,34582.540759964904
BSE SmallCap,2025-01-30,34871.40367855033
BSE SmallCap,2025-01-31,34987.94989358483
BSE SmallCap,2025-02-03,36225.942692670746
BSE SmallCap,2025-02-04,35991.22151490157
BSE SmallCap,2025-02-05,34959.79135921644
BSE SmallCap,2025-02-06,34798.03498104261
BSE SmallCap,2025-02-07,34584.061195578375
BSE SmallCap,2025-02-10,35194.57182812905
BSE SmallCap,2025-02-11,34792.449123866056
BSE SmallCap,2025-02-12,35107.96931139824
BSE SmallCap,2025-02-13,36088.09371870251
BSE SmallCap,2025-02-14,35663.774677881134
BSE SmallCap,2025-02-17,35735.76114023345
BSE SmallCap,2025-02-18,36850.36262759143
BSE SmallCap,2025-02-19,36512.95727809974
BSE SmallCap,2025-02-20,36180.88081013286
BSE SmallCap,2025-02-21,34798.73302876275
BSE SmallCap,2025-02-24,35765.52331917734
BSE SmallCap,2025-02-25,36334.36642720687
BSE SmallCap,2025-02-26,36932.91751065122
BSE SmallCap,2025-02-27,36540.9543062674
BSE SmallCap,2025-02-28,37349.653681688986
BSE SmallCap,2025-03-03,37666.13452272015
BSE SmallCap,2025-03-04,37177.17490923204
BSE SmallCap,2025-03-05,37289.10330749816
BSE SmallCap,2025-03-06,37416.97979749237
BSE SmallCap,2025-03-07,37503.36738093789
BSE SmallCap,2025-03-10,37943.16704118453
BSE SmallCap,2025-03-11,37890.85967479291
BSE SmallCap,2025-03-12,38731.06115591651
BSE SmallCap,2025-03-13,39392.88280422299
BSE SmallCap,2025-03-14,39364.66203113279
BSE SmallCap,2025-03-17,38809.48507787103
BSE SmallCap,2025-03-18,38395.24582627173
BSE SmallCap,2025-03-19,38658.37035016197
BSE SmallCap,2025-03-20,37715.28461529984
BSE SmallCap,2025-03-21,37429.24742355442
BSE SmallCap,2025-03-24,37911.15420492952
BSE SmallCap,2025-03-25,37485.73563492836
BSE SmallCap,2025-03-26,38007.8818567566
BSE SmallCap,2025-03-27,38872.22269530627
BSE SmallCap,2025-03-28,38609.9630565564
BSE SmallCap,2025-03-31,38539.47682526639
BSE SmallCap,2025-04-01,38570.63752247956
BSE SmallCap,2025-04-02,38640.39156280707
BSE SmallCap,2025-04-03,38927.05735210271
BSE SmallCap,2025-04-04,37326.85250285295
BSE SmallCap,2025-04-07,38072.68326411026
BSE SmallCap,2025-04-08,38039.77406746517
BSE SmallCap,2025-04-09,38820.513668735846
BSE SmallCap,2025-04-10,38984.238292239264
BSE SmallCap,2025-04-11,38559.04490700901
BSE SmallCap,2025-04-14,39278.03040419732
BSE SmallCap,2025-04-15,38450.8647144205
BSE SmallCap,2025-04-16,37500.37170137887
BSE SmallCap,2025-04-17,37635.79559996052
BSE SmallCap,2025-04-18,37703.13617311642
BSE SmallCap,2025-04-21,38193.64901193141
BSE SmallCap,2025-04-22,39479.35049619942
BSE SmallCap,2025-04-23,38916.73502273522
BSE SmallCap,2025-04-24,39464.38073583952
BSE SmallCap,2025-04-25,39399.11471697114
BSE SmallCap,2025-04-28,38274.5455083823
BSE SmallCap,2025-04-29,38970.599307557575
BSE SmallCap,2025-04-30,39503.0464349703
BSE SmallCap,2025-05-01,39415.73600482753
BSE SmallCap,2025-05-02,41118.38919060503
BSE SmallCap,2025-05-05,40583.19763194854
BSE SmallCap,2025-05-06,41332.08257988951
BSE SmallCap,2025-05-07,41681.05279226104
BSE SmallCap,2025-05-08,41235.68381236956
BSE SmallCap,2025-05-09,42470.89712069801
BSE SmallCap,2025-05-12,43350.5629465337
BSE SmallCap,2025-05-13,42836.504837495326
BSE SmallCap,2025-05-14,42810.84050597582
BSE SmallCap,2025-05-15,42967.25230490778
BSE SmallCap,2025-05-16,42727.71661175822
BSE SmallCap,2025-05-19,41771.17299151218
BSE SmallCap,2025-05-20,41000.01015601402
BSE SmallCap,2025-05-21,39434.45579198754
BSE SmallCap,2025-05-22,39077.71132388218
BSE SmallCap,2025-05-23,38674.995098176594
BSE SmallCap,2025-05-26,38804.91264315431
BSE SmallCap,2025-05-27,37512.2710917182
BSE SmallCap,2025-05-28,38274.66417807072
BSE SmallCap,2025-05-29,37547.9912084778
BSE SmallCap,2025-05-30,37706.65755065709
BSE SmallCap,2025-06-02,37412.687370028485
BSE SmallCap,2025-06-03,37684.973668345934
BSE SmallCap,2025-06-04,37030.215187836526
BSE SmallCap,2025-06-05,37856.79800579656
BSE SmallCap,2025-06-06,37982.30494696995
BSE SmallCap,2025-06-09,37270.682788988604
BSE SmallCap,2025-06-10,37700.05718079067
BSE SmallCap,2025-06-11,38695.71393714041
BSE SmallCap,2025-06-12,39030.10010205667
BSE SmallCap,2025-06-13,38302.31852961909
BSE SmallCap,2025-06-16,37569.00380976883
BSE SmallCap,2025-06-17,37611.55194239822
BSE SmallCap,2025-06-18,37884.69855109334
BSE SmallCap,2025-06-19,37899.92402594281
BSE SmallCap,2025-06-20,38931.03008673797
BSE SmallCap,2025-06-23,38316.83714834596
BSE SmallCap,2025-06-24,38428.39746463219
BSE SmallCap,2025-06-25,38121.880583181104
BSE SmallCap,2025-06-26,38207.95218935869
BSE SmallCap,2025-06-27,38127.63918930733
BSE SmallCap,2025-06-30,37690.423903839815
BSE SmallCap,2025-07-01,38665.99803495644
BSE SmallCap,2025-07-02,37762.48768160936
BSE SmallCap,2025-07-03,37157.900761850935
BSE SmallCap,2025-07-04,37377.93969453028
BSE SmallCap,2025-07-07,36859.53298398764
BSE SmallCap,2025-07-08,37325.08396154153
BSE SmallCap,2025-07-09,36962.64946262785
BSE SmallCap,2025-07-10,38226.13528247592
BSE SmallCap,2025-07-11,38304.76585660073
BSE SmallCap,2025-07-14,37867.95482828629
BSE SmallCap,2025-07-15,38102.61431014818
BSE SmallCap,2025-07-16,38771.76351517544
BSE SmallCap,2025-07-17,38190.72798583959
BSE SmallCap,2025-07-18,37935.36582415991
BSE SmallCap,2025-07-21,37491.99088708971
BSE SmallCap,2025-07-22,38515.02842972525
BSE SmallCap,2025-07-23,39307.77041699064
BSE SmallCap,2025-07-24,37490.21279758007
BSE SmallCap,2025-07-25,36915.45431109005
BSE SmallCap,2025-07-28,37015.10910658767
BSE SmallCap,2025-07-29,37114.035568223306
BSE SmallCap,2025-07-30,37835.66128408831
BSE SmallCap,2025-07-31,38342.90558502922
BSE SmallCap,2025-08-01,39472.90468972452
BSE SmallCap,2025-08-04,39659.78057905577
BSE SmallCap,2025-08-05,39594.29280288851
BSE SmallCap,2025-08-06,38383.02004819586
BSE SmallCap,2025-08-07,39487.8730399826
BSE SmallCap,2025-08-08,39986.67183987838
BSE SmallCap,2025-08-11,40776.18266364879
BSE SmallCap,2025-08-12,40175.21327977025
BSE SmallCap,2025-08-13,40090.24291298139
BSE SmallCap,2025-08-14,38231.211693786114
BSE SmallCap,2025-08-15,38960.56675611845
BSE SmallCap,2025-08-18,39461.78575374551
BSE SmallCap,2025-08-19,40227.6513371311
BSE SmallCap,2025-08-20,39436.36909018631
BSE SmallCap,2025-08-21,38963.78895761451
BSE SmallCap,2025-08-22,39417.31883727708
BSE SmallCap,2025-08-25,38042.07658823716
BSE SmallCap,2025-08-26,38049.06632070714
BSE SmallCap,2025-08-27,38170.78068460332
BSE SmallCap,2025-08-28,38642.88764031613
BSE SmallCap,2025-08-29,38777.65457336733
BSE SmallCap,2025-09-01,39136.1990458267
BSE SmallCap,2025-09-02,40068.78605427378
BSE SmallCap,2025-09-03,39378.59581691534
BSE SmallCap,2025-09-04,39444.187946425845
BSE SmallCap,2025-09-05,39036.344288009415
BSE SmallCap,2025-09-08,38597.49562058783
BSE SmallCap,2025-09-09,38295.72776128511
BSE SmallCap,2025-09-10,38322.30487157381
BSE SmallCap,2025-09-11,38822.78746785421
BSE SmallCap,2025-09-12,38946.24374921602
BSE SmallCap,2025-09-15,39228.20147682919
BSE SmallCap,2025-09-16,38780.49576505147
BSE SmallCap,2025-09-17,38848.53158753735
BSE SmallCap,2025-09-18,39266.18472570344
BSE SmallCap,2025-09-19,40797.85908320468
BSE SmallCap,2025-09-22,40946.02835379479
BSE SmallCap,2025-09-23,40954.11059785894
BSE SmallCap,2025-09-24,41281.585689902815
BSE SmallCap,2025-09-25,42291.2767432776
BSE SmallCap,2025-09-26,43119.77274763918
BSE SmallCap,2025-09-29,44091.84341685077
BSE SmallCap,2025-09-30,44957.409242764
BSE SmallCap,2025-10-01,45528.75232797424
BSE SmallCap,2025-10-02,45121.873203151205
BSE SmallCap,2025-10-03,44770.36106028206
BSE SmallCap,2025-10-06,44503.22372282205
BSE SmallCap,2025-10-07,45705.49959443184
BSE SmallCap,2025-10-08,45162.32312826105
BSE SmallCap,2025-10-09,45438.8302476239
BSE SmallCap,2025-10-10,45718.224850472114
BSE SmallCap,2025-10-13,46062.72704181184
BSE SmallCap,2025-10-14,44674.84706841
BSE SmallCap,2025-10-15,44284.08296072058
BSE SmallCap,2025-10-16,44123.94839781173
BSE SmallCap,2025-10-17,44425.02902433233
BSE SmallCap,2025-10-20,44263.415367818176
BSE SmallCap,2025-10-21,42879.82956847851
BSE SmallCap,2025-10-22,43561.34648643941
BSE SmallCap,2025-10-23,43393.27988067295
BSE SmallCap,2025-10-24,44222.98632784855
BSE SmallCap,2025-10-27,44201.352994069326
BSE SmallCap,2025-10-28,42734.0045951177
BSE SmallCap,2025-10-29,42556.42038363744
BSE SmallCap,2025-10-30,42299.98760372309
BSE SmallCap,2025-10-31,41403.0590210919
BSE SmallCap,2025-11-03,42140.366484540165
BSE SmallCap,2025-11-04,42298.17955721179
BSE SmallCap,2025-11-05,43594.245786498046
BSE SmallCap,2025-11-06,43056.65921430044
BSE SmallCap,2025-11-07,42684.706659397576
BSE SmallCap,2025-11-10,42631.01875241911
BSE SmallCap,2025-11-11,42791.17213052211
BSE SmallCap,2025-11-12,42592.77942569672
BSE SmallCap,2025-11-13,42174.61320673257
BSE SmallCap,2025-11-14,41968.2690209194
BSE SmallCap,2025-11-17,42082.132447772055
BSE SmallCap,2025-11-18,42830.88522334932
BSE SmallCap,2025-11-19,41757.64773982878
BSE SmallCap,2025-11-20,41501.48143071348
BSE SmallCap,2025-11-21,41137.16668305969
BSE SmallCap,2025-11-24,41256.5922754282
BSE SmallCap,2025-11-25,40487.44296604381
BSE SmallCap,2025-11-26,39500.18823863683
BSE SmallCap,2025-11-27,40280.793822247215
BSE SmallCap,2025-11-28,41044.027052357
BSE SmallCap,2025-12-01,41588.66160978457
BSE SmallCap,2025-12-02,41361.75262758804
BSE SmallCap,2025-12-03,41436.32829090812
BSE SmallCap,2025-12-04,41985.64764322376
BSE SmallCap,2025-12-05,41954.49663080312
BSE SmallCap,2025-12-08,41932.038793358464
BSE SmallCap,2025-12-09,40846.69985574463
BSE SmallCap,2025-12-10,40293.56904914255
BSE SmallCap,2025-12-11,40146.0916047546
BSE SmallCap,2025-12-12,41391.37124714161
BSE SmallCap,2025-12-15,41459.90679718471
BSE SmallCap,2025-12-16,42145.619711283885
BSE SmallCap,2025-12-17,42174.35782302964
BSE SmallCap,2025-12-18,42142.30790387176
BSE SmallCap,2025-12-19,41917.43045086598
BSE SmallCap,2025-12-22,42317.14070823044
BSE SmallCap,2025-12-23,40944.31559411382
BSE SmallCap,2025-12-24,41564.55835798822
BSE SmallCap,2025-12-25,41450.36117152198
BSE SmallCap,2025-12-26,40794.48104056572
BSE SmallCap,2025-12-29,40510.51094730743
BSE SmallCap,2025-12-30,41978.69725181845
BSE SmallCap,2025-12-31,40547.26529308727
BSE SmallCap,2026-01-01,41587.39782118647
BSE SmallCap,2026-01-02,42091.27052732791
BSE SmallCap,2026-01-05,43066.15039541985
BSE SmallCap,2026-01-06,43931.198401400274
BSE SmallCap,2026-01-07,44370.45185811403
BSE SmallCap,2026-01-08,43844.01014880497
BSE SmallCap,2026-01-09,45607.95321820895
BSE SmallCap,2026-01-12,45045.3169749987
BSE SmallCap,2026-01-13,43391.23533415118
BSE SmallCap,2026-01-14,44523.19448016499
BSE SmallCap,2026-01-15,45460.33694779536
BSE SmallCap,2026-01-16,45488.66881641761
BSE SmallCap,2026-01-19,46305.437080428994
BSE SmallCap,2026-01-20,46469.68084967632
BSE SmallCap,2026-01-21,45371.86805715619
BSE SmallCap,2026-01-22,46029.35245571686
BSE SmallCap,2026-01-23,45782.64900687537
BSE SmallCap,2026-01-26,44844.689537154896
BSE SmallCap,2026-01-27,45564.50801810483
BSE SmallCap,2026-01-28,45921.01254614665
BSE SmallCap,2026-01-29,45694.92263260407
BSE SmallCap,2026-01-30,45471.37949445483
BSE SmallCap,2026-02-02,46794.882937457136
BSE SmallCap,2026-02-03,47713.82450451174
BSE SmallCap,2026-02-04,47749.39018946392
BSE SmallCap,2026-02-05,48718.204520257736
BSE SmallCap,2026-02-06,49234.19057425417
BSE SmallCap,2026-02-09,48189.7349416932
BSE SmallCap,2026-02-10,49877.55180102789
BSE SmallCap,2026-02-11,50655.37738498189
BSE SmallCap,2026-02-12,51007.48631407633
BSE SmallCap,2026-02-13,50198.54711135884
BSE SmallCap,2026-02-16,52387.06252020306
BSE SmallCap,2026-02-17,53089.18283686984
BSE SmallCap,2026-02-18,52190.79976410372
BSE SmallCap,2026-02-19,51426.34874141364
BSE SmallCap,2026-02-20,54356.51789213616
BSE SmallCap,2026-02-23,53653.46557625718
BSE SmallCap,2026-02-24,53420.62049875087
BSE SmallCap,2026-02-25,54842.60814630138
BSE SmallCap,2026-02-26,56340.35353738254
BSE SmallCap,2026-02-27,55868.79169001249
BSE SmallCap,2026-03-02,54467.519758471695
BSE SmallCap,2026-03-03,54952.03984159222
BSE SmallCap,2026-03-04,55282.6019049707
BSE SmallCap,2026-03-05,56325.0607668562
BSE SmallCap,2026-03-06,56159.15388438555
BSE SmallCap,2026-03-09,57019.81720188
BSE SmallCap,2026-03-10,56318.63722462698
BSE SmallCap,2026-03-11,55685.232352544335
BSE SmallCap,2026-03-12,53794.5922772424
BSE SmallCap,2026-03-13,52311.02011535552
BSE SmallCap,2026-03-16,52684.09452204913
BSE SmallCap,2026-03-17,52570.1418694763
BSE SmallCap,2026-03-18,53019.99724525498
BSE SmallCap,2026-03-19,53149.95302341032
BSE SmallCap,2026-03-20,52863.494460396
BSE SmallCap,2026-03-23,52067.31584309599
BSE SmallCap,2026-03-24,51184.95661847562
BSE SmallCap,2026-03-25,52199.19828520895
BSE SmallCap,2026-03-26,51819.20606404544
BSE SmallCap,2026-03-27,51624.76344610527
BSE SmallCap,2026-03-30,53102.29424235193
BSE SmallCap,2026-03-31,53237.81705241318
BSE SmallCap,2026-04-01,53380.3916930527
BSE SmallCap,2026-04-02,53349.66132638397
BSE SmallCap,2026-04-03,53348.57595316124
BSE SmallCap,2026-04-06,54229.36117174801
BSE SmallCap,2026-04-07,54061.1655389339
BSE SmallCap,2026-04-08,52927.73254366872
BSE SmallCap,2026-04-09,51970.82283139947
BSE SmallCap,2026-04-10,53012.92482013608
BSE SmallCap,2026-04-13,51406.22694495859
BSE SmallCap,2026-04-14,51514.58738567384
BSE SmallCap,2026-04-15,52087.13265351876
BSE SmallCap,2026-04-16,51590.263201809845
BSE SmallCap,2026-04-17,50263.36962779291
BSE SmallCap,2026-04-20,50016.99293811698
BSE SmallCap,2026-04-21,50595.99999188407
BSE SmallCap,2026-04-22,49991.20939968712
BSE SmallCap,2026-04-23,49311.35730024659
BSE SmallCap,2026-04-24,48955.82028053325
BSE SmallCap,2026-04-27,48454.03246279455
BSE SmallCap,2026-04-28,47776.477053893446
BSE SmallCap,2026-04-29,48771.8811179202
BSE SmallCap,2026-04-30,47827.99890663811
BSE SmallCap,2026-05-01,47489.78333874235
BSE SmallCap,2026-05-04,46923.11644732587
BSE SmallCap,2026-05-05,47537.075281341706
BSE SmallCap,2026-05-06,46701.76213450166
BSE SmallCap,2026-05-07,46904.25800637556
BSE SmallCap,2026-05-08,47801.64400040692
BSE SmallCap,2026-05-11,47829.30072514225
BSE SmallCap,2026-05-12,47614.96997862692
BSE SmallCap,2026-05-13,46518.45713076953
BSE SmallCap,2026-05-14,46633.04593892239
BSE SmallCap,2026-05-15,47810.48825360259
BSE SmallCap,2026-05-18,48124.78506047937
BSE SmallCap,2026-05-19,47721.99498322559
BSE SmallCap,2026-05-20,47540.84209979137
BSE SmallCap,2026-05-21,47409.36809324002
BSE SmallCap,2026-05-22,47375.13247191351
BSE SmallCap,2026-05-25,46640.34797393856
BSE SmallCap,2026-05-26,47092.28004135585
BSE SmallCap,2026-05-27,46662.81837106786
BSE SmallCap,2026-05-28,45918.47438724106
BSE SmallCap,2026-05-29,46956.04109359175
CRISIL Liquid,2022-01-03,100.0
CRISIL Liquid,2022-01-04,100.00811131322168
CRISIL Liquid,2022-01-05,100.09375874696472
CRISIL Liquid,2022-01-06,100.1370924179682
CRISIL Liquid,2022-01-07,100.13526308847872
CRISIL Liquid,2022-01-10,100.17735885280544
CRISIL Liquid,2022-01-11,100.22794246666037
CRISIL Liquid,2022-01-12,100.25646459604766
CRISIL Liquid,2022-01-13,100.2292157448924
CRISIL Liquid,2022-01-14,100.26843420245596
CRISIL Liquid,2022-01-17,100.2932691741174
CRISIL Liquid,2022-01-18,100.3886025668395
CRISIL Liquid,2022-01-19,100.48831075939208
CRISIL Liquid,2022-01-20,100.5899366407167
CRISIL Liquid,2022-01-21,100.56094873497902
CRISIL Liquid,2022-01-24,100.4476491949552
CRISIL Liquid,2022-01-25,100.48746818308172
CRISIL Liquid,2022-01-26,100.5499694828344
CRISIL Liquid,2022-01-27,100.61735216966244
CRISIL Liquid,2022-01-28,100.51038667701594
CRISIL Liquid,2022-01-31,100.50438707658913
CRISIL Liquid,2022-02-01,100.53538002257513
CRISIL Liquid,2022-02-02,100.56593843919484
CRISIL Liquid,2022-02-03,100.64223308970404
CRISIL Liquid,2022-02-04,100.67692310798844
CRISIL Liquid,2022-02-07,100.66501174418104
CRISIL Liquid,2022-02-08,100.6712797140312
CRISIL Liquid,2022-02-09,100.71352520128896
CRISIL Liquid,2022-02-10,100.69724620282172
CRISIL Liquid,2022-02-11,100.72820166023352
CRISIL Liquid,2022-02-14,100.7953844054246
CRISIL Liquid,2022-02-15,100.82874889048782
CRISIL Liquid,2022-02-16,100.94104599428226
CRISIL Liquid,2022-02-17,100.92539744256634
CRISIL Liquid,2022-02-18,100.9472825219954
CRISIL Liquid,2022-02-21,100.95319355348484
CRISIL Liquid,2022-02-22,100.9079078016092
CRISIL Liquid,2022-02-23,101.050700730911
CRISIL Liquid,2022-02-24,101.14313673222576
CRISIL Liquid,2022-02-25,101.0631427347799
CRISIL Liquid,2022-02-28,101.08167405254972
CRISIL Liquid,2022-03-01,101.0128240506072
CRISIL Liquid,2022-03-02,101.15898121240022
CRISIL Liquid,2022-03-03,101.2770744684882
CRISIL Liquid,2022-03-04,101.38474378437756
CRISIL Liquid,2022-03-07,101.48251680166912
CRISIL Liquid,2022-03-08,101.48958137890136
CRISIL Liquid,2022-03-09,101.59225779192388
CRISIL Liquid,2022-03-10,101.639901589523
CRISIL Liquid,2022-03-11,101.68694958854448
CRISIL Liquid,2022-03-14,101.7319857458102
CRISIL Liquid,2022-03-15,101.73672606986597
CRISIL Liquid,2022-03-16,101.66598300364174
CRISIL Liquid,2022-03-17,101.71043312477248
CRISIL Liquid,2022-03-18,101.70355263915312
CRISIL Liquid,2022-03-21,101.81515736536096
CRISIL Liquid,2022-03-22,101.85736161001832
CRISIL Liquid,2022-03-23,101.92532244299014
CRISIL Liquid,2022-03-24,101.923762551804
CRISIL Liquid,2022-03-25,101.98748720302764
CRISIL Liquid,2022-03-28,102.0115525481386
CRISIL Liquid,2022-03-29,102.04630850783477
CRISIL Liquid,2022-03-30,102.03573119940732
CRISIL Liquid,2022-03-31,102.09152928873785
CRISIL Liquid,2022-04-01,102.1006346648743
CRISIL Liquid,2022-04-04,102.08490139714928
CRISIL Liquid,2022-04-05,102.16939429203964
CRISIL Liquid,2022-04-06,102.24811573981589
CRISIL Liquid,2022-04-07,102.31910922324388
CRISIL Liquid,2022-04-08,102.31414244629984
CRISIL Liquid,2022-04-11,102.3359315522224
CRISIL Liquid,2022-04-12,102.37938399845136
CRISIL Liquid,2022-04-13,102.44519508862732
CRISIL Liquid,2022-04-14,102.49841852262097
CRISIL Liquid,2022-04-15,102.53634745502396
CRISIL Liquid,2022-04-18,102.581022521505
CRISIL Liquid,2022-04-19,102.5150272693213
CRISIL Liquid,2022-04-20,102.5454847106006
CRISIL Liquid,2022-04-21,102.56423582264053
CRISIL Liquid,2022-04-22,102.66654036446656
CRISIL Liquid,2022-04-25,102.64123462337976
CRISIL Liquid,2022-04-26,102.6305063617475
CRISIL Liquid,2022-04-27,102.65554308397068
CRISIL Liquid,2022-04-28,102.6588485796284
CRISIL Liquid,2022-04-29,102.73600134514062
CRISIL Liquid,2022-05-02,102.8348473446208
CRISIL Liquid,2022-05-03,102.91468721983487
CRISIL Liquid,2022-05-04,102.97183972603328
CRISIL Liquid,2022-05-05,103.02782049261134
CRISIL Liquid,2022-05-06,103.02066563653074
CRISIL Liquid,2022-05-09,102.95621924683611
CRISIL Liquid,2022-05-10,103.00743039651954
CRISIL Liquid,2022-05-11,102.98812305022597
CRISIL Liquid,2022-05-12,103.00107385385635
CRISIL Liquid,2022-05-13,103.02329178335395
CRISIL Liquid,2022-05-16,103.01149338371827
CRISIL Liquid,2022-05-17,102.9482884449934
CRISIL Liquid,2022-05-18,103.04183088118045
CRISIL Liquid,2022-05-19,103.04871433302016
CRISIL Liquid,2022-05-20,103.12181298180828
CRISIL Liquid,2022-05-23,103.22923493973649
CRISIL Liquid,2022-05-24,103.29466800762444
CRISIL Liquid,2022-05-25,103.29278929333624
CRISIL Liquid,2022-05-26,103.30765974449336
CRISIL Liquid,2022-05-27,103.45066459883913
CRISIL Liquid,2022-05-30,103.55356284230317
CRISIL Liquid,2022-05-31,103.58497758152016
CRISIL Liquid,2022-06-01,103.61826966238216
CRISIL Liquid,2022-06-02,103.6957131466884
CRISIL Liquid,2022-06-03,103.80838610792657
CRISIL Liquid,2022-06-06,103.8573415591443
CRISIL Liquid,2022-06-07,103.8324150744239
CRISIL Liquid,2022-06-08,103.91605744118802
CRISIL Liquid,2022-06-09,103.9587118701053
CRISIL Liquid,2022-06-10,104.01030262075896
CRISIL Liquid,2022-06-13,104.08494486412962
CRISIL Liquid,2022-06-14,104.13676475915986
CRISIL Liquid,2022-06-15,104.23498391676031
CRISIL Liquid,2022-06-16,104.31963794493812
CRISIL Liquid,2022-06-17,104.32040305143232
CRISIL Liquid,2022-06-20,104.3273825217276
CRISIL Liquid,2022-06-21,104.348382290492
CRISIL Liquid,2022-06-22,104.37625170060768
CRISIL Liquid,2022-06-23,104.353401813114
CRISIL Liquid,2022-06-24,104.40725733211453
CRISIL Liquid,2022-06-27,104.4075502567406
CRISIL Liquid,2022-06-28,104.44982540865664
CRISIL Liquid,2022-06-29,104.49872415256718
CRISIL Liquid,2022-06-30,104.57221263517164
CRISIL Liquid,2022-07-01,104.6073362050825
CRISIL Liquid,2022-07-04,104.70922625653893
CRISIL Liquid,2022-07-05,104.77369214348607
CRISIL Liquid,2022-07-06,104.74134751260549
CRISIL Liquid,2022-07-07,104.77007292867428
CRISIL Liquid,2022-07-08,104.68889025784202
CRISIL Liquid,2022-07-11,104.64129619062656
CRISIL Liquid,2022-07-12,104.5932724836306
CRISIL Liquid,2022-07-13,104.5014312980695
CRISIL Liquid,2022-07-14,104.51423046677736
CRISIL Liquid,2022-07-15,104.55901600853178
CRISIL Liquid,2022-07-18,104.57640903498236
CRISIL Liquid,2022-07-19,104.70163928857052
CRISIL Liquid,2022-07-20,104.69223451716128
CRISIL Liquid,2022-07-21,104.76433361837644
CRISIL Liquid,2022-07-22,104.84352744833244
CRISIL Liquid,2022-07-25,104.8502853315616
CRISIL Liquid,2022-07-26,104.87233908547508
CRISIL Liquid,2022-07-27,104.93870169390516
CRISIL Liquid,2022-07-28,104.976365750096
CRISIL Liquid,2022-07-29,105.012093888496
CRISIL Liquid,2022-08-01,105.0453263071737
CRISIL Liquid,2022-08-02,105.1506430722298
CRISIL Liquid,2022-08-03,105.19400932366074
CRISIL Liquid,2022-08-04,105.28690453001936
CRISIL Liquid,2022-08-05,105.32146615948236
CRISIL Liquid,2022-08-08,105.28797650473732
CRISIL Liquid,2022-08-09,105.23850901977214
CRISIL Liquid,2022-08-10,105.32292263811506
CRISIL Liquid,2022-08-11,105.35784562293054
CRISIL Liquid,2022-08-12,105.42678362526514
CRISIL Liquid,2022-08-15,105.44493466246568
CRISIL Liquid,2022-08-16,105.54636053591167
CRISIL Liquid,2022-08-17,105.5646379685266
CRISIL Liquid,2022-08-18,105.64948720132634
CRISIL Liquid,2022-08-19,105.71150773830853
CRISIL Liquid,2022-08-22,105.74048106093758
CRISIL Liquid,2022-08-23,105.80551040093836
CRISIL Liquid,2022-08-24,105.78703703330528
CRISIL Liquid,2022-08-25,105.7889255891482
CRISIL Liquid,2022-08-26,105.79102439262836
CRISIL Liquid,2022-08-29,105.8249974465886
CRISIL Liquid,2022-08-30,105.827956811574
CRISIL Liquid,2022-08-31,105.83422199600322
CRISIL Liquid,2022-09-01,105.82512094990426
CRISIL Liquid,2022-09-02,105.89952202712404
CRISIL Liquid,2022-09-05,105.98047760906444
CRISIL Liquid,2022-09-06,106.03547868177353
CRISIL Liquid,2022-09-07,106.03399826898472
CRISIL Liquid,2022-09-08,106.06418920161587
CRISIL Liquid,2022-09-09,106.08901546658
CRISIL Liquid,2022-09-12,106.1735336639194
CRISIL Liquid,2022-09-13,106.20891715697772
CRISIL Liquid,2022-09-14,106.24718737962866
CRISIL Liquid,2022-09-15,106.2566009216466
CRISIL Liquid,2022-09-16,106.28769750084122
CRISIL Liquid,2022-09-19,106.19531479036644
CRISIL Liquid,2022-09-20,106.30808712636868
CRISIL Liquid,2022-09-21,106.37634606302956
CRISIL Liquid,2022-09-22,106.36836650552084
CRISIL Liquid,2022-09-23,106.38783525445758
CRISIL Liquid,2022-09-26,106.40567346511332
CRISIL Liquid,2022-09-27,106.4717159108946
CRISIL Liquid,2022-09-28,106.55106738031972
CRISIL Liquid,2022-09-29,106.53830439250164
CRISIL Liquid,2022-09-30,106.54417966811558
CRISIL Liquid,2022-10-03,106.56040463231297
CRISIL Liquid,2022-10-04,106.57187097052184
CRISIL Liquid,2022-10-05,106.61437328693609
CRISIL Liquid,2022-10-06,106.65272462943412
CRISIL Liquid,2022-10-07,106.73394567155772
CRISIL Liquid,2022-10-10,106.70740604750956
CRISIL Liquid,2022-10-11,106.64795705200044
CRISIL Liquid,2022-10-12,106.61724592294232
CRISIL Liquid,2022-10-13,106.72931766835272
CRISIL Liquid,2022-10-14,106.7606216297831
CRISIL Liquid,2022-10-17,106.84810984966724
CRISIL Liquid,2022-10-18,106.8380899484399
CRISIL Liquid,2022-10-19,106.9291400685115
CRISIL Liquid,2022-10-20,106.98524537372911
CRISIL Liquid,2022-10-21,106.9978980360346
CRISIL Liquid,2022-10-24,107.02616541073388
CRISIL Liquid,2022-10-25,107.04617637208956
CRISIL Liquid,2022-10-26,107.0816342138979
CRISIL Liquid,2022-10-27,107.03152305730596
CRISIL Liquid,2022-10-28,107.06618879539052
CRISIL Liquid,2022-10-31,107.07618312236276
CRISIL Liquid,2022-11-01,107.03125856475695
CRISIL Liquid,2022-11-02,106.9717721673518
CRISIL Liquid,2022-11-03,106.98261488789753
CRISIL Liquid,2022-11-04,107.09976587585088
CRISIL Liquid,2022-11-07,107.19352334032472
CRISIL Liquid,2022-11-08,107.21598303768174
CRISIL Liquid,2022-11-09,107.2112129162569
CRISIL Liquid,2022-11-10,107.20514871827552
CRISIL Liquid,2022-11-11,107.18497740791052
CRISIL Liquid,2022-11-14,107.315844581541
CRISIL Liquid,2022-11-15,107.34278789725956
CRISIL Liquid,2022-11-16,107.40165352665848
CRISIL Liquid,2022-11-17,107.40764932648666
CRISIL Liquid,2022-11-18,107.41254909992016
CRISIL Liquid,2022-11-21,107.47469012949448
CRISIL Liquid,2022-11-22,107.5815210488448
CRISIL Liquid,2022-11-23,107.61579646127176
CRISIL Liquid,2022-11-24,107.69275163342628
CRISIL Liquid,2022-11-25,107.71755975523328
CRISIL Liquid,2022-11-28,107.80985665752496
CRISIL Liquid,2022-11-29,107.85965109081158
CRISIL Liquid,2022-11-30,107.90190342932765
CRISIL Liquid,2022-12-01,107.94289335202518
CRISIL Liquid,2022-12-02,107.95278731056116
CRISIL Liquid,2022-12-05,107.93561070362996
CRISIL Liquid,2022-12-06,107.98374235744484
CRISIL Liquid,2022-12-07,108.02192734751476
CRISIL Liquid,2022-12-08,108.05091586184145
CRISIL Liquid,2022-12-09,107.99918711576768
CRISIL Liquid,2022-12-12,108.07120360520076
CRISIL Liquid,2022-12-13,108.13769099414792
CRISIL Liquid,2022-12-14,108.13420224985856
CRISIL Liquid,2022-12-15,108.09783124934312
CRISIL Liquid,2022-12-16,108.16790947570864
CRISIL Liquid,2022-12-19,108.18051610759252
CRISIL Liquid,2022-12-20,108.18705964451904
CRISIL Liquid,2022-12-21,108.26401759648648
CRISIL Liquid,2022-12-22,108.35846650311916
CRISIL Liquid,2022-12-23,108.38950819664808
CRISIL Liquid,2022-12-26,108.45998860481652
CRISIL Liquid,2022-12-27,108.62001850995736
CRISIL Liquid,2022-12-28,108.69684912917968
CRISIL Liquid,2022-12-29,108.75674270029242
CRISIL Liquid,2022-12-30,108.84066051488564
CRISIL Liquid,2023-01-02,108.83171115513328
CRISIL Liquid,2023-01-03,108.8131703235212
CRISIL Liquid,2023-01-04,108.83459516988046
CRISIL Liquid,2023-01-05,108.87010534889814
CRISIL Liquid,2023-01-06,108.84144258209176
CRISIL Liquid,2023-01-09,108.92697986081342
CRISIL Liquid,2023-01-10,108.94380645813314
CRISIL Liquid,2023-01-11,108.96469054667266
CRISIL Liquid,2023-01-12,109.01202692917867
CRISIL Liquid,2023-01-13,109.07032764161126
CRISIL Liquid,2023-01-16,109.18450480544452
CRISIL Liquid,2023-01-17,109.2045878141199
CRISIL Liquid,2023-01-18,109.23823395299668
CRISIL Liquid,2023-01-19,109.282570437547
CRISIL Liquid,2023-01-20,109.4078460888824
CRISIL Liquid,2023-01-23,109.4857927541092
CRISIL Liquid,2023-01-24,109.53891099228176
CRISIL Liquid,2023-01-25,109.56883125094814
CRISIL Liquid,2023-01-26,109.57525265201814
CRISIL Liquid,2023-01-27,109.6033371503175
CRISIL Liquid,2023-01-30,109.6980479448459
CRISIL Liquid,2023-01-31,109.73776852765752
CRISIL Liquid,2023-02-01,109.71644476409148
CRISIL Liquid,2023-02-02,109.77146048725122
CRISIL Liquid,2023-02-03,109.73387220476825
CRISIL Liquid,2023-02-06,109.71519863723452
CRISIL Liquid,2023-02-07,109.7520005936424
CRISIL Liquid,2023-02-08,109.75898789581348
CRISIL Liquid,2023-02-09,109.66615829362117
CRISIL Liquid,2023-02-10,109.5540896423236
CRISIL Liquid,2023-02-13,109.5708781856878
CRISIL Liquid,2023-02-14,109.53609839652286
CRISIL Liquid,2023-02-15,109.54066287973345
CRISIL Liquid,2023-02-16,109.5363514028204
CRISIL Liquid,2023-02-17,109.52767545313397
CRISIL Liquid,2023-02-20,109.4557069424521
CRISIL Liquid,2023-02-21,109.46849580721212
CRISIL Liquid,2023-02-22,109.51362482601353
CRISIL Liquid,2023-02-23,109.43318189287314
CRISIL Liquid,2023-02-24,109.48309726575084
CRISIL Liquid,2023-02-27,109.47098039192686
CRISIL Liquid,2023-02-28,109.55058578321466
CRISIL Liquid,2023-03-01,109.58773562274456
CRISIL Liquid,2023-03-02,109.670098704701
CRISIL Liquid,2023-03-03,109.6960234274863
CRISIL Liquid,2023-03-06,109.666068325109
CRISIL Liquid,2023-03-07,109.66578811858432
CRISIL Liquid,2023-03-08,109.73161662106756
CRISIL Liquid,2023-03-09,109.70942803324226
CRISIL Liquid,2023-03-10,109.72396187066042
CRISIL Liquid,2023-03-13,109.65412980012896
CRISIL Liquid,2023-03-14,109.78010281016212
CRISIL Liquid,2023-03-15,109.7964395055824
CRISIL Liquid,2023-03-16,109.8515577684989
CRISIL Liquid,2023-03-17,109.91750344443766
CRISIL Liquid,2023-03-20,109.94706385791912
CRISIL Liquid,2023-03-21,109.99780292224231
CRISIL Liquid,2023-03-22,109.97714922314002
CRISIL Liquid,2023-03-23,110.01947253105324
CRISIL Liquid,2023-03-24,110.02479644252831
CRISIL Liquid,2023-03-27,109.99293464562696
CRISIL Liquid,2023-03-28,109.97943658048776
CRISIL Liquid,2023-03-29,109.95149477132766
CRISIL Liquid,2023-03-30,109.96745514393258
CRISIL Liquid,2023-03-31,110.07801050100952
CRISIL Liquid,2023-04-03,110.15379042283364
CRISIL Liquid,2023-04-04,110.19490030345224
CRISIL Liquid,2023-04-05,110.22849139429069
CRISIL Liquid,2023-04-06,110.3369014319636
CRISIL Liquid,2023-04-07,110.40734765239796
CRISIL Liquid,2023-04-10,110.48417605980768
CRISIL Liquid,2023-04-11,110.49778013703978
CRISIL Liquid,2023-04-12,110.51759355791384
CRISIL Liquid,2023-04-13,110.56505882884916
CRISIL Liquid,2023-04-14,110.61528485160098
CRISIL Liquid,2023-04-17,110.7199926433527
CRISIL Liquid,2023-04-18,110.6734582536031
CRISIL Liquid,2023-04-19,110.71423756849784
CRISIL Liquid,2023-04-20,110.78268498231807
CRISIL Liquid,2023-04-21,110.80912924194688
CRISIL Liquid,2023-04-24,110.79304269538686
CRISIL Liquid,2023-04-25,110.81882427050869
CRISIL Liquid,2023-04-26,110.78659391180295
CRISIL Liquid,2023-04-27,110.79521544329056
CRISIL Liquid,2023-04-28,110.86376425980046
CRISIL Liquid,2023-05-01,110.95187174247496
CRISIL Liquid,2023-05-02,110.88393418214082
CRISIL Liquid,2023-05-03,110.86041491575804
CRISIL Liquid,2023-05-04,110.95806483301384
CRISIL Liquid,2023-05-05,110.97364796996426
CRISIL Liquid,2023-05-08,110.87731335717262
CRISIL Liquid,2023-05-09,110.93437422439445
CRISIL Liquid,2023-05-10,110.93290372388192
CRISIL Liquid,2023-05-11,110.9201490575302
CRISIL Liquid,2023-05-12,110.99596422487072
CRISIL Liquid,2023-05-15,111.01029950623176
CRISIL Liquid,2023-05-16,111.08572115512722
CRISIL Liquid,2023-05-17,110.97437775916852
CRISIL Liquid,2023-05-18,110.99870530698249
CRISIL Liquid,2023-05-19,110.95508183334444
CRISIL Liquid,2023-05-22,110.9243400019927
CRISIL Liquid,2023-05-23,110.96020175252636
CRISIL Liquid,2023-05-24,110.99470944965594
CRISIL Liquid,2023-05-25,110.97644090616195
CRISIL Liquid,2023-05-26,111.00854373329196
CRISIL Liquid,2023-05-29,110.96938153448798
CRISIL Liquid,2023-05-30,111.0356049785944
CRISIL Liquid,2023-05-31,111.09748433328949
CRISIL Liquid,2023-06-01,111.12417425283984
CRISIL Liquid,2023-06-02,111.21798741942332
CRISIL Liquid,2023-06-05,111.30024784800352
CRISIL Liquid,2023-06-06,111.3533285675692
CRISIL Liquid,2023-06-07,111.42597154456922
CRISIL Liquid,2023-06-08,111.47169625219408
CRISIL Liquid,2023-06-09,111.50598746918668
CRISIL Liquid,2023-06-12,111.56923521329392
CRISIL Liquid,2023-06-13,111.60911394071108
CRISIL Liquid,2023-06-14,111.56023648843173
CRISIL Liquid,2023-06-15,111.6001391691184
CRISIL Liquid,2023-06-16,111.66688180269551
CRISIL Liquid,2023-06-19,111.70591086967532
CRISIL Liquid,2023-06-20,111.72852099280377
CRISIL Liquid,2023-06-21,111.88922451956054
CRISIL Liquid,2023-06-22,111.92804848765158
CRISIL Liquid,2023-06-23,112.02017961435024
CRISIL Liquid,2023-06-26,112.01029870880264
CRISIL Liquid,2023-06-27,112.15729621468348
CRISIL Liquid,2023-06-28,112.08807346434608
CRISIL Liquid,2023-06-29,112.19183237490596
CRISIL Liquid,2023-06-30,112.21699252177685
CRISIL Liquid,2023-07-03,112.25767044011684
CRISIL Liquid,2023-07-04,112.27819271988749
CRISIL Liquid,2023-07-05,112.27707573450692
CRISIL Liquid,2023-07-06,112.3589170054473
CRISIL Liquid,2023-07-07,112.39769398298196
CRISIL Liquid,2023-07-10,112.3757353643146
CRISIL Liquid,2023-07-11,112.25854383671894
CRISIL Liquid,2023-07-12,112.2279612171655
CRISIL Liquid,2023-07-13,112.20859002374657
CRISIL Liquid,2023-07-14,112.31757564193587
CRISIL Liquid,2023-07-17,112.36567115300946
CRISIL Liquid,2023-07-18,112.47288181668488
CRISIL Liquid,2023-07-19,112.47268967235786
CRISIL Liquid,2023-07-20,112.53341233169652
CRISIL Liquid,2023-07-21,112.49061370810352
CRISIL Liquid,2023-07-24,112.58350365910172
CRISIL Liquid,2023-07-25,112.68956159413932
CRISIL Liquid,2023-07-26,112.74318138874156
CRISIL Liquid,2023-07-27,112.87016493244704
CRISIL Liquid,2023-07-28,112.86977484398749
CRISIL Liquid,2023-07-31,112.88051163237894
CRISIL Liquid,2023-08-01,112.8490569622146
CRISIL Liquid,2023-08-02,112.89434574114358
CRISIL Liquid,2023-08-03,112.9120450362512
CRISIL Liquid,2023-08-04,113.04442105715913
CRISIL Liquid,2023-08-07,112.9513225845344
CRISIL Liquid,2023-08-08,113.05845677754328
CRISIL Liquid,2023-08-09,113.03943946997494
CRISIL Liquid,2023-08-10,113.14921921440865
CRISIL Liquid,2023-08-11,113.09609639935314
CRISIL Liquid,2023-08-14,113.15920450845938
CRISIL Liquid,2023-08-15,113.18998145595752
CRISIL Liquid,2023-08-16,113.274724006551
CRISIL Liquid,2023-08-17,113.37356693789702
CRISIL Liquid,2023-08-18,113.48469538229516
CRISIL Liquid,2023-08-21,113.40161744317032
CRISIL Liquid,2023-08-22,113.31504452680966
CRISIL Liquid,2023-08-23,113.40662324556676
CRISIL Liquid,2023-08-24,113.40430276572856
CRISIL Liquid,2023-08-25,113.4070598531657
CRISIL Liquid,2023-08-28,113.46696376273763
CRISIL Liquid,2023-08-29,113.49382887275344
CRISIL Liquid,2023-08-30,113.4793644217892
CRISIL Liquid,2023-08-31,113.565878721071
CRISIL Liquid,2023-09-01,113.5652176489126
CRISIL Liquid,2023-09-04,113.58060004825003
CRISIL Liquid,2023-09-05,113.56067034386872
CRISIL Liquid,2023-09-06,113.5584901863184
CRISIL Liquid,2023-09-07,113.59746651339144
CRISIL Liquid,2023-09-08,113.6838652645024
CRISIL Liquid,2023-09-11,113.70081370198427
CRISIL Liquid,2023-09-12,113.62674498105063
CRISIL Liquid,2023-09-13,113.70760562438458
CRISIL Liquid,2023-09-14,113.7636477475841
CRISIL Liquid,2023-09-15,113.8719374536225
CRISIL Liquid,2023-09-18,113.90043041566553
CRISIL Liquid,2023-09-19,113.9972549851634
CRISIL Liquid,2023-09-20,113.97777037132458
CRISIL Liquid,2023-09-21,113.97713267293628
CRISIL Liquid,2023-09-22,114.10395752358691
CRISIL Liquid,2023-09-25,114.16919091828998
CRISIL Liquid,2023-09-26,114.22686255803028
CRISIL Liquid,2023-09-27,114.1803554495301
CRISIL Liquid,2023-09-28,114.20551090986652
CRISIL Liquid,2023-09-29,114.20055574511284
CRISIL Liquid,2023-10-02,114.24772670663307
CRISIL Liquid,2023-10-03,114.26135141694355
CRISIL Liquid,2023-10-04,114.3466354718864
CRISIL Liquid,2023-10-05,114.2851852003069
CRISIL Liquid,2023-10-06,114.27607589620516
CRISIL Liquid,2023-10-09,114.26296017092548
CRISIL Liquid,2023-10-10,114.22187710871351
CRISIL Liquid,2023-10-11,114.29115735875516
CRISIL Liquid,2023-10-12,114.3771435377348
CRISIL Liquid,2023-10-13,114.44834374502447
CRISIL Liquid,2023-10-16,114.47162943588448
CRISIL Liquid,2023-10-17,114.53506782119466
CRISIL Liquid,2023-10-18,114.50510344163804
CRISIL Liquid,2023-10-19,114.5824137949393
CRISIL Liquid,2023-10-20,114.54671144905612
CRISIL Liquid,2023-10-23,114.59103171094584
CRISIL Liquid,2023-10-24,114.79925622301432
CRISIL Liquid,2023-10-25,114.79908623443195
CRISIL Liquid,2023-10-26,114.84539604162428
CRISIL Liquid,2023-10-27,114.91332146400092
CRISIL Liquid,2023-10-30,114.79977843438932
CRISIL Liquid,2023-10-31,114.77111657641812
CRISIL Liquid,2023-11-01,114.79669294618787
CRISIL Liquid,2023-11-02,114.76718185229352
CRISIL Liquid,2023-11-03,114.77858450680309
CRISIL Liquid,2023-11-06,114.78352777537222
CRISIL Liquid,2023-11-07,114.81593763583165
CRISIL Liquid,2023-11-08,114.81239316806824
CRISIL Liquid,2023-11-09,114.79207443944117
CRISIL Liquid,2023-11-10,114.80898054518968
CRISIL Liquid,2023-11-13,114.85675698866685
CRISIL Liquid,2023-11-14,114.85973331226177
CRISIL Liquid,2023-11-15,114.96436215706603
CRISIL Liquid,2023-11-16,114.9714320993056
CRISIL Liquid,2023-11-17,114.96962916827609
CRISIL Liquid,2023-11-20,115.01088018640404
CRISIL Liquid,2023-11-21,115.09063765736823
CRISIL Liquid,2023-11-22,115.14809472081116
CRISIL Liquid,2023-11-23,115.19571589811
CRISIL Liquid,2023-11-24,115.2161015207688
CRISIL Liquid,2023-11-27,115.26168542594723
CRISIL Liquid,2023-11-28,115.28366073791145
CRISIL Liquid,2023-11-29,115.25676957709337
CRISIL Liquid,2023-11-30,115.30416973656548
CRISIL Liquid,2023-12-01,115.30740767017706
CRISIL Liquid,2023-12-04,115.28896432561989
CRISIL Liquid,2023-12-05,115.30014042406184
CRISIL Liquid,2023-12-06,115.4015482934495
CRISIL Liquid,2023-12-07,115.45937160348038
CRISIL Liquid,2023-12-08,115.47443924685652
CRISIL Liquid,2023-12-11,115.46077987205142
CRISIL Liquid,2023-12-12,115.53781643447782
CRISIL Liquid,2023-12-13,115.54744691594844
CRISIL Liquid,2023-12-14,115.57948963811025
CRISIL Liquid,2023-12-15,115.6177190576875
CRISIL Liquid,2023-12-18,115.62815986443972
CRISIL Liquid,2023-12-19,115.6961553962102
CRISIL Liquid,2023-12-20,115.66246837315478
CRISIL Liquid,2023-12-21,115.78304554042975
CRISIL Liquid,2023-12-22,115.8586319063573
CRISIL Liquid,2023-12-25,116.00705214618472
CRISIL Liquid,2023-12-26,116.01725756962632
CRISIL Liquid,2023-12-27,116.01577586950468
CRISIL Liquid,2023-12-28,116.16847997119942
CRISIL Liquid,2023-12-29,116.1360533705688
CRISIL Liquid,2024-01-01,116.19364598779472
CRISIL Liquid,2024-01-02,116.31310242492664
CRISIL Liquid,2024-01-03,116.29140316078733
CRISIL Liquid,2024-01-04,116.28760084595058
CRISIL Liquid,2024-01-05,116.20460099820284
CRISIL Liquid,2024-01-08,116.22266276668428
CRISIL Liquid,2024-01-09,116.2324792219438
CRISIL Liquid,2024-01-10,116.29060672534428
CRISIL Liquid,2024-01-11,116.26141658586457
CRISIL Liquid,2024-01-12,116.37106515436598
CRISIL Liquid,2024-01-15,116.32094552677444
CRISIL Liquid,2024-01-16,116.25591036890609
CRISIL Liquid,2024-01-17,116.33194471821068
CRISIL Liquid,2024-01-18,116.30083145893634
CRISIL Liquid,2024-01-19,116.27353630929343
CRISIL Liquid,2024-01-22,116.31017902472016
CRISIL Liquid,2024-01-23,116.37896491639064
CRISIL Liquid,2024-01-24,116.38739461111236
CRISIL Liquid,2024-01-25,116.42347269500218
CRISIL Liquid,2024-01-26,116.46646802824088
CRISIL Liquid,2024-01-29,116.47363792463254
CRISIL Liquid,2024-01-30,116.52322558507416
CRISIL Liquid,2024-01-31,116.59522735853584
CRISIL Liquid,2024-02-01,116.6598608138232
CRISIL Liquid,2024-02-02,116.70662509648542
CRISIL Liquid,2024-02-05,116.84471883388386
CRISIL Liquid,2024-02-06,116.87415612182524
CRISIL Liquid,2024-02-07,116.88764732477962
CRISIL Liquid,2024-02-08,116.90899105709144
CRISIL Liquid,2024-02-09,116.89479095219365
CRISIL Liquid,2024-02-12,116.97718064406656
CRISIL Liquid,2024-02-13,116.96584577376572
CRISIL Liquid,2024-02-14,116.95632340216714
CRISIL Liquid,2024-02-15,117.0857977930044
CRISIL Liquid,2024-02-16,117.0770925725854
CRISIL Liquid,2024-02-19,117.0583360872668
CRISIL Liquid,2024-02-20,117.06973514111456
CRISIL Liquid,2024-02-21,117.06559091642582
CRISIL Liquid,2024-02-22,117.18987179704042
CRISIL Liquid,2024-02-23,117.217672999545
CRISIL Liquid,2024-02-26,117.2288562116217
CRISIL Liquid,2024-02-27,117.19512054105316
CRISIL Liquid,2024-02-28,117.19601555544772
CRISIL Liquid,2024-02-29,117.21962139683863
CRISIL Liquid,2024-03-01,117.25639236517397
CRISIL Liquid,2024-03-04,117.28538808165564
CRISIL Liquid,2024-03-05,117.32460988119767
CRISIL Liquid,2024-03-06,117.41858382869476
CRISIL Liquid,2024-03-07,117.48992220093604
CRISIL Liquid,2024-03-08,117.56473657425715
CRISIL Liquid,2024-03-11,117.5770629756948
CRISIL Liquid,2024-03-12,117.65529456806544
CRISIL Liquid,2024-03-13,117.76765268198642
CRISIL Liquid,2024-03-14,117.77935133168874
CRISIL Liquid,2024-03-15,117.76295192040337
CRISIL Liquid,2024-03-18,117.76944973235553
CRISIL Liquid,2024-03-19,117.8485567193292
CRISIL Liquid,2024-03-20,117.98572693556235
CRISIL Liquid,2024-03-21,117.92827889886226
CRISIL Liquid,2024-03-22,117.99595923903908
CRISIL Liquid,2024-03-25,118.10211333395296
CRISIL Liquid,2024-03-26,118.23093464357808
CRISIL Liquid,2024-03-27,118.29459969138678
CRISIL Liquid,2024-03-28,118.35054933140664
CRISIL Liquid,2024-03-29,118.37212687175268
CRISIL Liquid,2024-04-01,118.44420332104792
CRISIL Liquid,2024-04-02,118.46610356332344
CRISIL Liquid,2024-04-03,118.4797829904219
CRISIL Liquid,2024-04-04,118.4432491322591
CRISIL Liquid,2024-04-05,118.50223398983528
CRISIL Liquid,2024-04-08,118.51618171824995
CRISIL Liquid,2024-04-09,118.52508493706657
CRISIL Liquid,2024-04-10,118.63068672035476
CRISIL Liquid,2024-04-11,118.56151826679157
CRISIL Liquid,2024-04-12,118.50311512368177
CRISIL Liquid,2024-04-15,118.55675362785362
CRISIL Liquid,2024-04-16,118.62491085311136
CRISIL Liquid,2024-04-17,118.62102405072832
CRISIL Liquid,2024-04-18,118.72127833606496
CRISIL Liquid,2024-04-19,118.85409652528315
CRISIL Liquid,2024-04-22,118.88268960603972
CRISIL Liquid,2024-04-23,118.89838299410827
CRISIL Liquid,2024-04-24,119.00720379293578
CRISIL Liquid,2024-04-25,118.92033151765048
CRISIL Liquid,2024-04-26,118.88645778017566
CRISIL Liquid,2024-04-29,118.89809217556316
CRISIL Liquid,2024-04-30,118.97383014215076
CRISIL Liquid,2024-05-01,119.06188614978534
CRISIL Liquid,2024-05-02,119.07617533260937
CRISIL Liquid,2024-05-03,119.096535913644
CRISIL Liquid,2024-05-06,119.1117341567994
CRISIL Liquid,2024-05-07,119.24745102427347
CRISIL Liquid,2024-05-08,119.3385764109066
CRISIL Liquid,2024-05-09,119.44629777708676
CRISIL Liquid,2024-05-10,119.46316963861612
CRISIL Liquid,2024-05-13,119.475317487465
CRISIL Liquid,2024-05-14,119.51035887966914
CRISIL Liquid,2024-05-15,119.67727647177938
CRISIL Liquid,2024-05-16,119.77560420819871
CRISIL Liquid,2024-05-17,119.91872920895771
CRISIL Liquid,2024-05-20,119.90357534396412
CRISIL Liquid,2024-05-21,120.04011023673316
CRISIL Liquid,2024-05-22,120.1263472218649
CRISIL Liquid,2024-05-23,120.24002625360242
CRISIL Liquid,2024-05-24,120.20151922994462
CRISIL Liquid,2024-05-27,120.28404154807058
CRISIL Liquid,2024-05-28,120.30753165005804
CRISIL Liquid,2024-05-29,120.27003356428268
CRISIL Liquid,2024-05-30,120.38481987392596
CRISIL Liquid,2024-05-31,120.37464171996946
CRISIL Liquid,2024-06-03,120.33721968407237
CRISIL Liquid,2024-06-04,120.28096632927526
CRISIL Liquid,2024-06-05,120.26564013645852
CRISIL Liquid,2024-06-06,120.27145672154752
CRISIL Liquid,2024-06-07,120.21427684815444
CRISIL Liquid,2024-06-10,120.28990612984038
CRISIL Liquid,2024-06-11,120.15307341920722
CRISIL Liquid,2024-06-12,120.214118346759
CRISIL Liquid,2024-06-13,120.12952806002664
CRISIL Liquid,2024-06-14,120.22213933258952
CRISIL Liquid,2024-06-17,120.2321388588995
CRISIL Liquid,2024-06-18,120.25031049873792
CRISIL Liquid,2024-06-19,120.27092810560254
CRISIL Liquid,2024-06-20,120.33455848697652
CRISIL Liquid,2024-06-21,120.41094188074749
CRISIL Liquid,2024-06-24,120.47307713976146
CRISIL Liquid,2024-06-25,120.49706854807413
CRISIL Liquid,2024-06-26,120.53222358019036
CRISIL Liquid,2024-06-27,120.59992417851016
CRISIL Liquid,2024-06-28,120.57141391905292
CRISIL Liquid,2024-07-01,120.65061426780088
CRISIL Liquid,2024-07-02,120.71720385240027
CRISIL Liquid,2024-07-03,120.6872049122485
CRISIL Liquid,2024-07-04,120.6834549365556
CRISIL Liquid,2024-07-05,120.71190250349504
CRISIL Liquid,2024-07-08,120.68049272814066
CRISIL Liquid,2024-07-09,120.6965883979368
CRISIL Liquid,2024-07-10,120.62235254810926
CRISIL Liquid,2024-07-11,120.70203169989428
CRISIL Liquid,2024-07-12,120.75966212027404
CRISIL Liquid,2024-07-15,120.85165006708326
CRISIL Liquid,2024-07-16,120.8453514844228
CRISIL Liquid,2024-07-17,120.9823079388668
CRISIL Liquid,2024-07-18,120.98925179063676
CRISIL Liquid,2024-07-19,120.92839197863525
CRISIL Liquid,2024-07-22,120.94090631068912
CRISIL Liquid,2024-07-23,121.02758860533996
CRISIL Liquid,2024-07-24,121.01254493639192
CRISIL Liquid,2024-07-25,121.09320455700396
CRISIL Liquid,2024-07-26,121.04939754444923
CRISIL Liquid,2024-07-29,121.03938666956628
CRISIL Liquid,2024-07-30,121.0516388552679
CRISIL Liquid,2024-07-31,121.02562285529368
CRISIL Liquid,2024-08-01,121.08035821952278
CRISIL Liquid,2024-08-02,121.04854740116826
CRISIL Liquid,2024-08-05,121.02906561311312
CRISIL Liquid,2024-08-06,121.05144624348648
CRISIL Liquid,2024-08-07,121.11162205741503
CRISIL Liquid,2024-08-08,121.16408961464616
CRISIL Liquid,2024-08-09,121.2083518711274
CRISIL Liquid,2024-08-12,121.26880407546152
CRISIL Liquid,2024-08-13,121.28757970556956
CRISIL Liquid,2024-08-14,121.31250927365302
CRISIL Liquid,2024-08-15,121.3149006909125
CRISIL Liquid,2024-08-16,121.29115458065272
CRISIL Liquid,2024-08-19,121.28581598497416
CRISIL Liquid,2024-08-20,121.3627071441444
CRISIL Liquid,2024-08-21,121.2582463254908
CRISIL Liquid,2024-08-22,121.2635492662549
CRISIL Liquid,2024-08-23,121.26915185337366
CRISIL Liquid,2024-08-26,121.24355884629657
CRISIL Liquid,2024-08-27,121.2590542971733
CRISIL Liquid,2024-08-28,121.3585135006837
CRISIL Liquid,2024-08-29,121.38106950627792
CRISIL Liquid,2024-08-30,121.38562185341908
CRISIL Liquid,2024-09-02,121.43731876046655
CRISIL Liquid,2024-09-03,121.46611709752928
CRISIL Liquid,2024-09-04,121.49334258338727
CRISIL Liquid,2024-09-05,121.4676260491694
CRISIL Liquid,2024-09-06,121.50412409376348
CRISIL Liquid,2024-09-09,121.48478554669148
CRISIL Liquid,2024-09-10,121.55829355194572
CRISIL Liquid,2024-09-11,121.67885191216058
CRISIL Liquid,2024-09-12,121.73198704589396
CRISIL Liquid,2024-09-13,121.87553599525292
CRISIL Liquid,2024-09-16,121.93174919411408
CRISIL Liquid,2024-09-17,121.941643307429
CRISIL Liquid,2024-09-18,121.95717877274367
CRISIL Liquid,2024-09-19,122.08482010989708
CRISIL Liquid,2024-09-20,122.0925488759311
CRISIL Liquid,2024-09-23,122.19691458439108
CRISIL Liquid,2024-09-24,122.28217639989133
CRISIL Liquid,2024-09-25,122.2170345414814
CRISIL Liquid,2024-09-26,122.30537224001758
CRISIL Liquid,2024-09-27,122.43620067132152
CRISIL Liquid,2024-09-30,122.2880239656368
CRISIL Liquid,2024-10-01,122.36688773134368
CRISIL Liquid,2024-10-02,122.34206578403588
CRISIL Liquid,2024-10-03,122.37781772240312
CRISIL Liquid,2024-10-04,122.2792477878248
CRISIL Liquid,2024-10-07,122.31789547052485
CRISIL Liquid,2024-10-08,122.44411446660752
CRISIL Liquid,2024-10-09,122.49090235146896
CRISIL Liquid,2024-10-10,122.59702659781485
CRISIL Liquid,2024-10-11,122.61083611587716
CRISIL Liquid,2024-10-14,122.60271251981504
CRISIL Liquid,2024-10-15,122.7359881734082
CRISIL Liquid,2024-10-16,122.8298774765474
CRISIL Liquid,2024-10-17,122.85903461924704
CRISIL Liquid,2024-10-18,122.90328662361831
CRISIL Liquid,2024-10-21,122.89853077373104
CRISIL Liquid,2024-10-22,122.97299609412865
CRISIL Liquid,2024-10-23,122.91283608163155
CRISIL Liquid,2024-10-24,122.9171602432196
CRISIL Liquid,2024-10-25,122.99305405809824
CRISIL Liquid,2024-10-28,122.97594514039568
CRISIL Liquid,2024-10-29,123.00815022520634
CRISIL Liquid,2024-10-30,123.08732136363172
CRISIL Liquid,2024-10-31,123.12683811065708
CRISIL Liquid,2024-11-01,123.2684986780689
CRISIL Liquid,2024-11-04,123.27727699911097
CRISIL Liquid,2024-11-05,123.3310982406128
CRISIL Liquid,2024-11-06,123.3983527072676
CRISIL Liquid,2024-11-07,123.32638557023516
CRISIL Liquid,2024-11-08,123.32015764908118
CRISIL Liquid,2024-11-11,123.39309100421784
CRISIL Liquid,2024-11-12,123.498243901076
CRISIL Liquid,2024-11-13,123.54370388553238
CRISIL Liquid,2024-11-14,123.6483864305242
CRISIL Liquid,2024-11-15,123.71476817398316
CRISIL Liquid,2024-11-18,123.79408007602186
CRISIL Liquid,2024-11-19,123.9098902117903
CRISIL Liquid,2024-11-20,123.92243268386682
CRISIL Liquid,2024-11-21,123.85632480539722
CRISIL Liquid,2024-11-22,123.94718608240504
CRISIL Liquid,2024-11-25,123.9268158651188
CRISIL Liquid,2024-11-26,123.89379461319292
CRISIL Liquid,2024-11-27,123.94896567502532
CRISIL Liquid,2024-11-28,123.97436554221072
CRISIL Liquid,2024-11-29,124.1063127816416
CRISIL Liquid,2024-12-02,124.18876898370269
CRISIL Liquid,2024-12-03,124.1500501011214
CRISIL Liquid,2024-12-04,124.20689790969593
CRISIL Liquid,2024-12-05,124.19622265463424
CRISIL Liquid,2024-12-06,124.1498156131426
CRISIL Liquid,2024-12-09,124.2238136399836
CRISIL Liquid,2024-12-10,124.26949628178032
CRISIL Liquid,2024-12-11,124.3957873824052
CRISIL Liquid,2024-12-12,124.44455053696116
CRISIL Liquid,2024-12-13,124.52299373533856
CRISIL Liquid,2024-12-16,124.43887837394696
CRISIL Liquid,2024-12-17,124.41463164749744
CRISIL Liquid,2024-12-18,124.41133835043392
CRISIL Liquid,2024-12-19,124.5446464870557
CRISIL Liquid,2024-12-20,124.522321595184
CRISIL Liquid,2024-12-23,124.52476460686964
CRISIL Liquid,2024-12-24,124.74915108303328
CRISIL Liquid,2024-12-25,124.8204470313949
CRISIL Liquid,2024-12-26,124.90418379286815
CRISIL Liquid,2024-12-27,124.9206450632502
CRISIL Liquid,2024-12-30,124.83121149575332
CRISIL Liquid,2024-12-31,124.79578910649025
CRISIL Liquid,2025-01-01,124.89412149889128
CRISIL Liquid,2025-01-02,124.93534241033868
CRISIL Liquid,2025-01-03,124.9702089058998
CRISIL Liquid,2025-01-06,125.001359145256
CRISIL Liquid,2025-01-07,125.07026721341772
CRISIL Liquid,2025-01-08,125.23146847648154
CRISIL Liquid,2025-01-09,125.21555924418752
CRISIL Liquid,2025-01-10,125.22288662483984
CRISIL Liquid,2025-01-13,125.35367561329063
CRISIL Liquid,2025-01-14,125.36643287673164
CRISIL Liquid,2025-01-15,125.44948170580828
CRISIL Liquid,2025-01-16,125.42709413526416
CRISIL Liquid,2025-01-17,125.55376731930592
CRISIL Liquid,2025-01-20,125.60050704100762
CRISIL Liquid,2025-01-21,125.67555927973775
CRISIL Liquid,2025-01-22,125.78358665107372
CRISIL Liquid,2025-01-23,125.83926549518245
CRISIL Liquid,2025-01-24,125.93210305816804
CRISIL Liquid,2025-01-27,126.07177133549328
CRISIL Liquid,2025-01-28,126.10892497737646
CRISIL Liquid,2025-01-29,126.25477730475008
CRISIL Liquid,2025-01-30,126.34017497997048
CRISIL Liquid,2025-01-31,126.35978709635394
CRISIL Liquid,2025-02-03,126.37208946135152
CRISIL Liquid,2025-02-04,126.4241709451002
CRISIL Liquid,2025-02-05,126.48580554561676
CRISIL Liquid,2025-02-06,126.50745327400504
CRISIL Liquid,2025-02-07,126.495265992221
CRISIL Liquid,2025-02-10,126.4558493456119
CRISIL Liquid,2025-02-11,126.37486892872856
CRISIL Liquid,2025-02-12,126.40048676306324
CRISIL Liquid,2025-02-13,126.48601605859028
CRISIL Liquid,2025-02-14,126.5483886156779
CRISIL Liquid,2025-02-17,126.50976811983423
CRISIL Liquid,2025-02-18,126.53308823648402
CRISIL Liquid,2025-02-19,126.67639230824972
CRISIL Liquid,2025-02-20,126.68867335052632
CRISIL Liquid,2025-02-21,126.70671748192392
CRISIL Liquid,2025-02-24,126.68781055361198
CRISIL Liquid,2025-02-25,126.6675568701449
CRISIL Liquid,2025-02-26,126.67480882011392
CRISIL Liquid,2025-02-27,126.63453176168004
CRISIL Liquid,2025-02-28,126.68664247484436
CRISIL Liquid,2025-03-03,126.77301837104588
CRISIL Liquid,2025-03-04,126.75986888146646
CRISIL Liquid,2025-03-05,126.72471242919774
CRISIL Liquid,2025-03-06,126.72188868979448
CRISIL Liquid,2025-03-07,126.72248554182278
CRISIL Liquid,2025-03-10,126.72482610201344
CRISIL Liquid,2025-03-11,126.73819614063136
CRISIL Liquid,2025-03-12,126.73854655855878
CRISIL Liquid,2025-03-13,126.86890351314798
CRISIL Liquid,2025-03-14,126.91384565466016
CRISIL Liquid,2025-03-17,126.99564190362466
CRISIL Liquid,2025-03-18,127.02586696909296
CRISIL Liquid,2025-03-19,127.12570827540335
CRISIL Liquid,2025-03-20,127.0939346777869
CRISIL Liquid,2025-03-21,127.16186134320914
CRISIL Liquid,2025-03-24,127.1884122853391
CRISIL Liquid,2025-03-25,127.10276853653868
CRISIL Liquid,2025-03-26,127.04154829094296
CRISIL Liquid,2025-03-27,127.02311450532451
CRISIL Liquid,2025-03-28,127.0830472136701
CRISIL Liquid,2025-03-31,127.216030050014
CRISIL Liquid,2025-04-01,127.30326193303212
CRISIL Liquid,2025-04-02,127.4033904115877
CRISIL Liquid,2025-04-03,127.4034176738999
CRISIL Liquid,2025-04-04,127.3511312721891
CRISIL Liquid,2025-04-07,127.3664497067936
CRISIL Liquid,2025-04-08,127.43174288309172
CRISIL Liquid,2025-04-09,127.45548278536154
CRISIL Liquid,2025-04-10,127.4622080730035
CRISIL Liquid,2025-04-11,127.50252547124704
CRISIL Liquid,2025-04-14,127.5383948901017
CRISIL Liquid,2025-04-15,127.47836072766272
CRISIL Liquid,2025-04-16,127.54069822005778
CRISIL Liquid,2025-04-17,127.5241591158468
CRISIL Liquid,2025-04-18,127.51664714846572
CRISIL Liquid,2025-04-21,127.63854056784672
CRISIL Liquid,2025-04-22,127.64894929962672
CRISIL Liquid,2025-04-23,127.72266862945422
CRISIL Liquid,2025-04-24,127.72333101308868
CRISIL Liquid,2025-04-25,127.79834413547093
CRISIL Liquid,2025-04-28,127.89816482147064
CRISIL Liquid,2025-04-29,128.02629004959397
CRISIL Liquid,2025-04-30,128.13558449819925
CRISIL Liquid,2025-05-01,128.15236304422734
CRISIL Liquid,2025-05-02,128.2673748553938
CRISIL Liquid,2025-05-05,128.31494799364907
CRISIL Liquid,2025-05-06,128.32657785347888
CRISIL Liquid,2025-05-07,128.29569971316462
CRISIL Liquid,2025-05-08,128.43453990055457
CRISIL Liquid,2025-05-09,128.48308284920915
CRISIL Liquid,2025-05-12,128.5257619910208
CRISIL Liquid,2025-05-13,128.6546822170375
CRISIL Liquid,2025-05-14,128.74202345830915
CRISIL Liquid,2025-05-15,128.7519805161059
CRISIL Liquid,2025-05-16,128.8163410970396
CRISIL Liquid,2025-05-19,128.96406384723656
CRISIL Liquid,2025-05-20,128.9539398320984
CRISIL Liquid,2025-05-21,129.09049990823527
CRISIL Liquid,2025-05-22,128.98096417623472
CRISIL Liquid,2025-05-23,129.07420132579566
CRISIL Liquid,2025-05-26,129.15225817131102
CRISIL Liquid,2025-05-27,129.0617993553976
CRISIL Liquid,2025-05-28,129.17156385866778
CRISIL Liquid,2025-05-29,129.1780838120096
CRISIL Liquid,2025-05-30,129.1566141122053
CRISIL Liquid,2025-06-02,129.11395562355574
CRISIL Liquid,2025-06-03,129.1459879258018
CRISIL Liquid,2025-06-04,129.04827481133603
CRISIL Liquid,2025-06-05,129.1934347673769
CRISIL Liquid,2025-06-06,129.18228197326786
CRISIL Liquid,2025-06-09,129.30459067849958
CRISIL Liquid,2025-06-10,129.31670971273508
CRISIL Liquid,2025-06-11,129.34720618597947
CRISIL Liquid,2025-06-12,129.36020424979026
CRISIL Liquid,2025-06-13,129.29785068977563
CRISIL Liquid,2025-06-16,129.24732033231194
CRISIL Liquid,2025-06-17,129.35118783266248
CRISIL Liquid,2025-06-18,129.26404189625384
CRISIL Liquid,2025-06-19,129.3294073500594
CRISIL Liquid,2025-06-20,129.43907453792116
CRISIL Liquid,2025-06-23,129.67029204931166
CRISIL Liquid,2025-06-24,129.65735689602258
CRISIL Liquid,2025-06-25,129.77443630676126
CRISIL Liquid,2025-06-26,129.76023002202538
CRISIL Liquid,2025-06-27,129.7938146331448
CRISIL Liquid,2025-06-30,129.9094324064139
CRISIL Liquid,2025-07-01,129.95014446748846
CRISIL Liquid,2025-07-02,130.0426435244951
CRISIL Liquid,2025-07-03,130.12253544670895
CRISIL Liquid,2025-07-04,130.2193531045331
CRISIL Liquid,2025-07-07,130.21751777705612
CRISIL Liquid,2025-07-08,130.2930367511016
CRISIL Liquid,2025-07-09,130.35613701791104
CRISIL Liquid,2025-07-10,130.45792844871215
CRISIL Liquid,2025-07-11,130.4878928772637
CRISIL Liquid,2025-07-14,130.54875823660765
CRISIL Liquid,2025-07-15,130.6556909584386
CRISIL Liquid,2025-07-16,130.73068450898455
CRISIL Liquid,2025-07-17,130.86550971678943
CRISIL Liquid,2025-07-18,130.81297893790398
CRISIL Liquid,2025-07-21,130.93836928366295
CRISIL Liquid,2025-07-22,130.89297483163384
CRISIL Liquid,2025-07-23,130.86631440589736
CRISIL Liquid,2025-07-24,130.83095959206784
CRISIL Liquid,2025-07-25,130.83235022328287
CRISIL Liquid,2025-07-28,130.7954677465838
CRISIL Liquid,2025-07-29,130.7503570762381
CRISIL Liquid,2025-07-30,130.81034160875484
CRISIL Liquid,2025-07-31,130.86794806699302
CRISIL Liquid,2025-08-01,130.9311631559734
CRISIL Liquid,2025-08-04,131.00536253911815
CRISIL Liquid,2025-08-05,130.9533105367408
CRISIL Liquid,2025-08-06,131.0243622634998
CRISIL Liquid,2025-08-07,130.9872842760288
CRISIL Liquid,2025-08-08,130.98614236404512
CRISIL Liquid,2025-08-11,130.97372767671115
CRISIL Liquid,2025-08-12,131.02119488455102
CRISIL Liquid,2025-08-13,131.05543869169892
CRISIL Liquid,2025-08-14,130.97658514451925
CRISIL Liquid,2025-08-15,130.977196233848
CRISIL Liquid,2025-08-18,130.95876681142903
CRISIL Liquid,2025-08-19,131.051404329282
CRISIL Liquid,2025-08-20,131.05047105275534
CRISIL Liquid,2025-08-21,131.017594406808
CRISIL Liquid,2025-08-22,131.0184133388531
CRISIL Liquid,2025-08-25,131.0735659965714
CRISIL Liquid,2025-08-26,131.2174273833392
CRISIL Liquid,2025-08-27,131.16515806868748
CRISIL Liquid,2025-08-28,131.23038139356092
CRISIL Liquid,2025-08-29,131.26987464194713
CRISIL Liquid,2025-09-01,131.34500957582145
CRISIL Liquid,2025-09-02,131.40434060019555
CRISIL Liquid,2025-09-03,131.439401662097
CRISIL Liquid,2025-09-04,131.5467330796818
CRISIL Liquid,2025-09-05,131.59911934762263
CRISIL Liquid,2025-09-08,131.5885474085427
CRISIL Liquid,2025-09-09,131.61355317578636
CRISIL Liquid,2025-09-10,131.64607469032418
CRISIL Liquid,2025-09-11,131.7163409222533
CRISIL Liquid,2025-09-12,131.61534503129212
CRISIL Liquid,2025-09-15,131.6654619178535
CRISIL Liquid,2025-09-16,131.75969686622705
CRISIL Liquid,2025-09-17,131.8232517052004
CRISIL Liquid,2025-09-18,131.8331775106477
CRISIL Liquid,2025-09-19,131.8674417534954
CRISIL Liquid,2025-09-22,131.89488369337815
CRISIL Liquid,2025-09-23,131.7556069082824
CRISIL Liquid,2025-09-24,131.80738066222625
CRISIL Liquid,2025-09-25,131.85190828200203
CRISIL Liquid,2025-09-26,131.85080850646597
CRISIL Liquid,2025-09-29,131.80437971153765
CRISIL Liquid,2025-09-30,131.75367819744514
CRISIL Liquid,2025-10-01,131.77198849413628
CRISIL Liquid,2025-10-02,131.8826078631317
CRISIL Liquid,2025-10-03,131.9855715740883
CRISIL Liquid,2025-10-06,131.91788235927277
CRISIL Liquid,2025-10-07,131.83861539293258
CRISIL Liquid,2025-10-08,131.82561741835536
CRISIL Liquid,2025-10-09,131.92265564496398
CRISIL Liquid,2025-10-10,131.82910620527133
CRISIL Liquid,2025-10-13,131.9130790942935
CRISIL Liquid,2025-10-14,132.04768220794767
CRISIL Liquid,2025-10-15,132.1429135548396
CRISIL Liquid,2025-10-16,132.22679974449176
CRISIL Liquid,2025-10-17,132.32346053991853
CRISIL Liquid,2025-10-20,132.3301085905363
CRISIL Liquid,2025-10-21,132.4572188241648
CRISIL Liquid,2025-10-22,132.3765577066052
CRISIL Liquid,2025-10-23,132.3704604691864
CRISIL Liquid,2025-10-24,132.4478629946253
CRISIL Liquid,2025-10-27,132.5731930507975
CRISIL Liquid,2025-10-28,132.56981841763877
CRISIL Liquid,2025-10-29,132.68905154487183
CRISIL Liquid,2025-10-30,132.68999623064272
CRISIL Liquid,2025-10-31,132.72999640233692
CRISIL Liquid,2025-11-03,132.75666377766518
CRISIL Liquid,2025-11-04,132.94865380292248
CRISIL Liquid,2025-11-05,132.9308794961863
CRISIL Liquid,2025-11-06,132.99970954099086
CRISIL Liquid,2025-11-07,133.0143980730907
CRISIL Liquid,2025-11-10,133.1707391425365
CRISIL Liquid,2025-11-11,133.17527972395098
CRISIL Liquid,2025-11-12,133.2266333212581
CRISIL Liquid,2025-11-13,133.24967715854774
CRISIL Liquid,2025-11-14,133.31687354904616
CRISIL Liquid,2025-11-17,133.3061669321711
CRISIL Liquid,2025-11-18,133.47842679271906
CRISIL Liquid,2025-11-19,133.45501981942826
CRISIL Liquid,2025-11-20,133.40070047992054
CRISIL Liquid,2025-11-21,133.47262004604474
CRISIL Liquid,2025-11-24,133.42186811576357
CRISIL Liquid,2025-11-25,133.4649296951464
CRISIL Liquid,2025-11-26,133.48423677040162
CRISIL Liquid,2025-11-27,133.52862910610693
CRISIL Liquid,2025-11-28,133.46283950994314
CRISIL Liquid,2025-12-01,133.43656467540237
CRISIL Liquid,2025-12-02,133.52795177819883
CRISIL Liquid,2025-12-03,133.51754621840354
CRISIL Liquid,2025-12-04,133.55724153111046
CRISIL Liquid,2025-12-05,133.62724045269823
CRISIL Liquid,2025-12-08,133.61933002675667
CRISIL Liquid,2025-12-09,133.659878014478
CRISIL Liquid,2025-12-10,133.75751677842587
CRISIL Liquid,2025-12-11,133.78200431707586
CRISIL Liquid,2025-12-12,133.73294017373544
CRISIL Liquid,2025-12-15,133.7952213358474
CRISIL Liquid,2025-12-16,133.8619301140329
CRISIL Liquid,2025-12-17,133.9445026126364
CRISIL Liquid,2025-12-18,134.01322647651065
CRISIL Liquid,2025-12-19,134.0251418503752
CRISIL Liquid,2025-12-22,134.06723051424797
CRISIL Liquid,2025-12-23,134.24243022135437
CRISIL Liquid,2025-12-24,134.301522384422
CRISIL Liquid,2025-12-25,134.43825964269902
CRISIL Liquid,2025-12-26,134.43002177828538
CRISIL Liquid,2025-12-29,134.4402563161112
CRISIL Liquid,2025-12-30,134.47683520806535
CRISIL Liquid,2025-12-31,134.58058234434023
CRISIL Liquid,2026-01-01,134.6081491510758
CRISIL Liquid,2026-01-02,134.61035903995224
CRISIL Liquid,2026-01-05,134.73849946615758
CRISIL Liquid,2026-01-06,134.85754990795633
CRISIL Liquid,2026-01-07,135.00778879814638
CRISIL Liquid,2026-01-08,134.99150788943018
CRISIL Liquid,2026-01-09,135.09672345840875
CRISIL Liquid,2026-01-12,135.0192511510128
CRISIL Liquid,2026-01-13,135.07853213635036
CRISIL Liquid,2026-01-14,135.1915850173784
CRISIL Liquid,2026-01-15,135.1160304752332
CRISIL Liquid,2026-01-16,135.2867475631574
CRISIL Liquid,2026-01-19,135.43154557680307
CRISIL Liquid,2026-01-20,135.44767632434645
CRISIL Liquid,2026-01-21,135.43036603511297
CRISIL Liquid,2026-01-22,135.4274699086956
CRISIL Liquid,2026-01-23,135.4901906850279
CRISIL Liquid,2026-01-26,135.5572500980522
CRISIL Liquid,2026-01-27,135.58992729345212
CRISIL Liquid,2026-01-28,135.56346326076516
CRISIL Liquid,2026-01-29,135.60787914490538
CRISIL Liquid,2026-01-30,135.66765455184245
CRISIL Liquid,2026-02-02,135.7070483260992
CRISIL Liquid,2026-02-03,135.70643501775905
CRISIL Liquid,2026-02-04,135.64672758526527
CRISIL Liquid,2026-02-05,135.69227996876472
CRISIL Liquid,2026-02-06,135.7033243393586
CRISIL Liquid,2026-02-09,135.72197039679645
CRISIL Liquid,2026-02-10,135.752698271187
CRISIL Liquid,2026-02-11,135.6575014448361
CRISIL Liquid,2026-02-12,135.7378937286967
CRISIL Liquid,2026-02-13,135.72557573282134
CRISIL Liquid,2026-02-16,135.81744697520224
CRISIL Liquid,2026-02-17,135.83360419059758
CRISIL Liquid,2026-02-18,135.9184246300248
CRISIL Liquid,2026-02-19,135.8640521716209
CRISIL Liquid,2026-02-20,136.0502342163287
CRISIL Liquid,2026-02-23,135.9647676894627
CRISIL Liquid,2026-02-24,135.9633646369373
CRISIL Liquid,2026-02-25,135.9090687472872
CRISIL Liquid,2026-02-26,136.03283452500418
CRISIL Liquid,2026-02-27,136.13335277491015
CRISIL Liquid,2026-03-02,136.1047198107659
CRISIL Liquid,2026-03-03,136.14189295973657
CRISIL Liquid,2026-03-04,136.1468470022367
CRISIL Liquid,2026-03-05,136.2315462191805
CRISIL Liquid,2026-03-06,136.3117696851912
CRISIL Liquid,2026-03-09,136.41880240537154
CRISIL Liquid,2026-03-10,136.60690638355558
CRISIL Liquid,2026-03-11,136.74897424848874
CRISIL Liquid,2026-03-12,136.8521136822307
CRISIL Liquid,2026-03-13,136.88967895913677
CRISIL Liquid,2026-03-16,136.95478561286737
CRISIL Liquid,2026-03-17,136.96662176685575
CRISIL Liquid,2026-03-18,136.96984097972418
CRISIL Liquid,2026-03-19,136.96234690819412
CRISIL Liquid,2026-03-20,137.04128250042768
CRISIL Liquid,2026-03-23,137.08380204339238
CRISIL Liquid,2026-03-24,137.05258648834155
CRISIL Liquid,2026-03-25,137.13984352137538
CRISIL Liquid,2026-03-26,137.22505302169108
CRISIL Liquid,2026-03-27,137.26830266076095
CRISIL Liquid,2026-03-30,137.3483244171399
CRISIL Liquid,2026-03-31,137.3734210760066
CRISIL Liquid,2026-04-01,137.3874215747431
CRISIL Liquid,2026-04-02,137.41918481603517
CRISIL Liquid,2026-04-03,137.44423867206922
CRISIL Liquid,2026-04-06,137.49350374458592
CRISIL Liquid,2026-04-07,137.541157537604
CRISIL Liquid,2026-04-08,137.5239241925458
CRISIL Liquid,2026-04-09,137.61667134795613
CRISIL Liquid,2026-04-10,137.7796405045658
CRISIL Liquid,2026-04-13,137.79943799039796
CRISIL Liquid,2026-04-14,137.85119460966678
CRISIL Liquid,2026-04-15,137.83671519012745
CRISIL Liquid,2026-04-16,137.92155001866627
CRISIL Liquid,2026-04-17,137.8995079421069
CRISIL Liquid,2026-04-20,138.01334318886697
CRISIL Liquid,2026-04-21,138.07370068514922
CRISIL Liquid,2026-04-22,138.13638077739807
CRISIL Liquid,2026-04-23,138.21901525895893
CRISIL Liquid,2026-04-24,138.32904522362347
CRISIL Liquid,2026-04-27,138.3659452750257
CRISIL Liquid,2026-04-28,138.29132300985893
CRISIL Liquid,2026-04-29,138.3323926194363
CRISIL Liquid,2026-04-30,138.39631529342776
CRISIL Liquid,2026-05-01,138.45830477141595
CRISIL Liquid,2026-05-04,138.37084744312003
CRISIL Liquid,2026-05-05,138.39632126914492
CRISIL Liquid,2026-05-06,138.42355296869934
CRISIL Liquid,2026-05-07,138.3924876331389
CRISIL Liquid,2026-05-08,138.41459254075605
CRISIL Liquid,2026-05-11,138.38041344431977
CRISIL Liquid,2026-05-12,138.50354571969697
CRISIL Liquid,2026-05-13,138.5615829190688
CRISIL Liquid,2026-05-14,138.72473396707656
CRISIL Liquid,2026-05-15,138.7104460414703
CRISIL Liquid,2026-05-18,138.85021027132478
CRISIL Liquid,2026-05-19,138.79286908691824
CRISIL Liquid,2026-05-20,138.8475047503848
CRISIL Liquid,2026-05-21,138.99267458827174
CRISIL Liquid,2026-05-22,139.1531194930418
CRISIL Liquid,2026-05-25,139.134147996565
CRISIL Liquid,2026-05-26,139.06333875125765
CRISIL Liquid,2026-05-27,139.09952149727252
CRISIL Liquid,2026-05-28,139.1259085070117
CRISIL Liquid,2026-05-29,139.13501197718088
CRISIL Gilt,2022-01-03,200.0
CRISIL Gilt,2022-01-04,200.47859320090043
CRISIL Gilt,2022-01-05,201.5523736363873
CRISIL Gilt,2022-01-06,201.14149038827065
CRISIL Gilt,2022-01-07,201.0412679435683
CRISIL Gilt,2022-01-10,201.59361511151317
CRISIL Gilt,2022-01-11,201.4562831125518
CRISIL Gilt,2022-01-12,201.70752595079617
CRISIL Gilt,2022-01-13,202.4352860507544
CRISIL Gilt,2022-01-14,202.38862860883697
CRISIL Gilt,2022-01-17,201.95195287413057
CRISIL Gilt,2022-01-18,202.50009785423296
CRISIL Gilt,2022-01-19,202.3519743583033
CRISIL Gilt,2022-01-20,202.06760889157377
CRISIL Gilt,2022-01-21,202.4406464275905
CRISIL Gilt,2022-01-24,202.26807877412816
CRISIL Gilt,2022-01-25,202.82333700528167
CRISIL Gilt,2022-01-26,201.799104097142
CRISIL Gilt,2022-01-27,201.4290375457593
CRISIL Gilt,2022-01-28,201.25626462850627
CRISIL Gilt,2022-01-31,201.06524442703855
CRISIL Gilt,2022-02-01,200.40209443206152
CRISIL Gilt,2022-02-02,200.6799918466101
CRISIL Gilt,2022-02-03,201.80913231457265
CRISIL Gilt,2022-02-04,201.98891392302656
CRISIL Gilt,2022-02-07,203.2954336765887
CRISIL Gilt,2022-02-08,202.13528874142315
CRISIL Gilt,2022-02-09,202.1164744883536
CRISIL Gilt,2022-02-10,203.73227295167837
CRISIL Gilt,2022-02-11,202.76931463873197
CRISIL Gilt,2022-02-14,203.4760077622866
CRISIL Gilt,2022-02-15,204.3916285255259
CRISIL Gilt,2022-02-16,204.52324381533327
CRISIL Gilt,2022-02-17,205.91322515870291
CRISIL Gilt,2022-02-18,204.9096876245373
CRISIL Gilt,2022-02-21,205.751275516921
CRISIL Gilt,2022-02-22,205.8469087957376
CRISIL Gilt,2022-02-23,205.99469032179712
CRISIL Gilt,2022-02-24,205.47303609795216
CRISIL Gilt,2022-02-25,206.00629687262537
CRISIL Gilt,2022-02-28,205.5945561172469
CRISIL Gilt,2022-03-01,206.5304132216376
CRISIL Gilt,2022-03-02,207.3091380811072
CRISIL Gilt,2022-03-03,207.2708291511613
CRISIL Gilt,2022-03-04,207.0319377900533
CRISIL Gilt,2022-03-07,206.5841422016229
CRISIL Gilt,2022-03-08,206.68242864722373
CRISIL Gilt,2022-03-09,206.35334728022616
CRISIL Gilt,2022-03-10,205.85655551234723
CRISIL Gilt,2022-03-11,205.87444674914536
CRISIL Gilt,2022-03-14,206.93898876734207
CRISIL Gilt,2022-03-15,206.69994700246792
CRISIL Gilt,2022-03-16,207.39926830325675
CRISIL Gilt,2022-03-17,207.72558000154143
CRISIL Gilt,2022-03-18,208.8023878334901
CRISIL Gilt,2022-03-21,208.28383103008665
CRISIL Gilt,2022-03-22,208.89968816257
CRISIL Gilt,2022-03-23,210.2129914136206
CRISIL Gilt,2022-03-24,210.34494099577023
CRISIL Gilt,2022-03-25,211.0454714537854
CRISIL Gilt,2022-03-28,209.64601436230944
CRISIL Gilt,2022-03-29,211.7594757198962
CRISIL Gilt,2022-03-30,212.40255515211177
CRISIL Gilt,2022-03-31,211.99994955794213
CRISIL Gilt,2022-04-01,211.2850218019169
CRISIL Gilt,2022-04-04,211.00320566618709
CRISIL Gilt,2022-04-05,210.752786998102
CRISIL Gilt,2022-04-06,209.38313516546523
CRISIL Gilt,2022-04-07,207.70237307173795
CRISIL Gilt,2022-04-08,207.4293129078216
CRISIL Gilt,2022-04-11,207.8670028890664
CRISIL Gilt,2022-04-12,206.8996595880514
CRISIL Gilt,2022-04-13,206.7709708847918
CRISIL Gilt,2022-04-14,206.9741263932059
CRISIL Gilt,2022-04-15,206.15736087180667
CRISIL Gilt,2022-04-18,206.60801430663267
CRISIL Gilt,2022-04-19,206.5264706342417
CRISIL Gilt,2022-04-20,205.74923891554783
CRISIL Gilt,2022-04-21,206.525246762128
CRISIL Gilt,2022-04-22,208.70265372451112
CRISIL Gilt,2022-04-25,207.58782912394972
CRISIL Gilt,2022-04-26,207.6786747092536
CRISIL Gilt,2022-04-27,207.5897163568445
CRISIL Gilt,2022-04-28,208.7281165587829
CRISIL Gilt,2022-04-29,208.7057173652305
CRISIL Gilt,2022-05-02,208.4110827770817
CRISIL Gilt,2022-05-03,210.4818692157254
CRISIL Gilt,2022-05-04,210.08802179755835
CRISIL Gilt,2022-05-05,210.7912518597061
CRISIL Gilt,2022-05-06,211.95034127676112
CRISIL Gilt,2022-05-09,211.04762863197104
CRISIL Gilt,2022-05-10,210.92492653344968
CRISIL Gilt,2022-05-11,210.2748090971913
CRISIL Gilt,2022-05-12,209.91123166074848
CRISIL Gilt,2022-05-13,210.9471820421901
CRISIL Gilt,2022-05-16,210.83876154602032
CRISIL Gilt,2022-05-17,211.2377005064286
CRISIL Gilt,2022-05-18,211.50241825789576
CRISIL Gilt,2022-05-19,210.84943859231305
CRISIL Gilt,2022-05-20,212.30626931262665
CRISIL Gilt,2022-05-23,211.3785441657816
CRISIL Gilt,2022-05-24,211.5117826317736
CRISIL Gilt,2022-05-25,209.98557601709248
CRISIL Gilt,2022-05-26,210.44265914671809
CRISIL Gilt,2022-05-27,210.5847352556845
CRISIL Gilt,2022-05-30,209.59242858071664
CRISIL Gilt,2022-05-31,209.13853613648843
CRISIL Gilt,2022-06-01,208.8796607215317
CRISIL Gilt,2022-06-02,209.0155305768081
CRISIL Gilt,2022-06-03,209.1525351235198
CRISIL Gilt,2022-06-06,209.1079811548755
CRISIL Gilt,2022-06-07,209.43544331791736
CRISIL Gilt,2022-06-08,210.1228495931651
CRISIL Gilt,2022-06-09,209.86199263258496
CRISIL Gilt,2022-06-10,207.83010831491373
CRISIL Gilt,2022-06-13,208.0579639816356
CRISIL Gilt,2022-06-14,205.9823724900959
CRISIL Gilt,2022-06-15,206.1162927095896
CRISIL Gilt,2022-06-16,205.4195455331382
CRISIL Gilt,2022-06-17,206.24657015970507
CRISIL Gilt,2022-06-20,207.2714616189476
CRISIL Gilt,2022-06-21,208.20663110794573
CRISIL Gilt,2022-06-22,208.60012926319405
CRISIL Gilt,2022-06-23,208.4503838900992
CRISIL Gilt,2022-06-24,208.50079306026092
CRISIL Gilt,2022-06-27,210.8651544500389
CRISIL Gilt,2022-06-28,212.1137417726071
CRISIL Gilt,2022-06-29,212.26253862002403
CRISIL Gilt,2022-06-30,211.3698740140586
CRISIL Gilt,2022-07-01,212.57944774561253
CRISIL Gilt,2022-07-04,212.433643775808
CRISIL Gilt,2022-07-05,212.27799855246883
CRISIL Gilt,2022-07-06,214.35875325465744
CRISIL Gilt,2022-07-07,213.83400773241016
CRISIL Gilt,2022-07-08,213.70789490872556
CRISIL Gilt,2022-07-11,213.863577717258
CRISIL Gilt,2022-07-12,214.3875846487634
CRISIL Gilt,2022-07-13,214.44630827185097
CRISIL Gilt,2022-07-14,214.15244916159128
CRISIL Gilt,2022-07-15,214.55576187045168
CRISIL Gilt,2022-07-18,215.51257653813485
CRISIL Gilt,2022-07-19,216.68106314715
CRISIL Gilt,2022-07-20,216.11007139809155
CRISIL Gilt,2022-07-21,216.60332821437268
CRISIL Gilt,2022-07-22,216.7678387111129
CRISIL Gilt,2022-07-25,216.5832995105212
CRISIL Gilt,2022-07-26,215.94943211806836
CRISIL Gilt,2022-07-27,214.5038266073616
CRISIL Gilt,2022-07-28,215.52834508957645
CRISIL Gilt,2022-07-29,216.25990450385248
CRISIL Gilt,2022-08-01,216.23617509528748
CRISIL Gilt,2022-08-02,216.38258205119385
CRISIL Gilt,2022-08-03,215.97473640985885
CRISIL Gilt,2022-08-04,217.0684622098383
CRISIL Gilt,2022-08-05,216.7419719461148
CRISIL Gilt,2022-08-08,218.2844844672337
CRISIL Gilt,2022-08-09,218.03678956465296
CRISIL Gilt,2022-08-10,217.17395854243432
CRISIL Gilt,2022-08-11,217.70182184703287
CRISIL Gilt,2022-08-12,218.2837794735406
CRISIL Gilt,2022-08-15,218.1491334436499
CRISIL Gilt,2022-08-16,217.09784618051867
CRISIL Gilt,2022-08-17,217.24964065303732
CRISIL Gilt,2022-08-18,216.8611982217154
CRISIL Gilt,2022-08-19,216.8884336949184
CRISIL Gilt,2022-08-22,215.77560745511408
CRISIL Gilt,2022-08-23,215.7462887050736
CRISIL Gilt,2022-08-24,215.1527804114048
CRISIL Gilt,2022-08-25,214.70349203548255
CRISIL Gilt,2022-08-26,214.49778871848
CRISIL Gilt,2022-08-29,214.36010859407097
CRISIL Gilt,2022-08-30,214.3502974943896
CRISIL Gilt,2022-08-31,215.90506554943008
CRISIL Gilt,2022-09-01,215.62910083681973
CRISIL Gilt,2022-09-02,215.37521337555876
CRISIL Gilt,2022-09-05,216.0279588685588
CRISIL Gilt,2022-09-06,216.83218364994696
CRISIL Gilt,2022-09-07,217.5951522951023
CRISIL Gilt,2022-09-08,218.49847346806408
CRISIL Gilt,2022-09-09,217.43058165528825
CRISIL Gilt,2022-09-12,216.40872920487644
CRISIL Gilt,2022-09-13,215.60569234420905
CRISIL Gilt,2022-09-14,215.91689062477764
CRISIL Gilt,2022-09-15,217.05498518152325
CRISIL Gilt,2022-09-16,217.5891464024592
CRISIL Gilt,2022-09-19,216.84686985948667
CRISIL Gilt,2022-09-20,217.63644381652068
CRISIL Gilt,2022-09-21,217.08669604262263
CRISIL Gilt,2022-09-22,216.13599161696635
CRISIL Gilt,2022-09-23,215.26761705769317
CRISIL Gilt,2022-09-26,215.37462665697467
CRISIL Gilt,2022-09-27,215.3448151164104
CRISIL Gilt,2022-09-28,215.86702544130603
CRISIL Gilt,2022-09-29,216.31998520183865
CRISIL Gilt,2022-09-30,216.10757870891223
CRISIL Gilt,2022-10-03,216.6521312859757
CRISIL Gilt,2022-10-04,216.4617531916529
CRISIL Gilt,2022-10-05,215.14552525422485
CRISIL Gilt,2022-10-06,214.17701101171556
CRISIL Gilt,2022-10-07,215.58160558384512
CRISIL Gilt,2022-10-10,216.116240569242
CRISIL Gilt,2022-10-11,215.61956534129476
CRISIL Gilt,2022-10-12,215.03387005854293
CRISIL Gilt,2022-10-13,214.08648597816125
CRISIL Gilt,2022-10-14,213.6449387324318
CRISIL Gilt,2022-10-17,213.26257578210425
CRISIL Gilt,2022-10-18,214.85869464802508
CRISIL Gilt,2022-10-19,215.0183777142195
CRISIL Gilt,2022-10-20,215.8325971262065
CRISIL Gilt,2022-10-21,215.6910678763852
CRISIL Gilt,2022-10-24,216.354955544581
CRISIL Gilt,2022-10-25,217.70975713752293
CRISIL Gilt,2022-10-26,218.54715699223576
CRISIL Gilt,2022-10-27,218.7516771624813
CRISIL Gilt,2022-10-28,218.2096615358999
CRISIL Gilt,2022-10-31,219.5457579375856
CRISIL Gilt,2022-11-01,219.1068428758265
CRISIL Gilt,2022-11-02,218.77072373840943
CRISIL Gilt,2022-11-03,219.7997259204217
CRISIL Gilt,2022-11-04,219.5327099374568
CRISIL Gilt,2022-11-07,219.32025212032508
CRISIL Gilt,2022-11-08,221.7026486586863
CRISIL Gilt,2022-11-09,221.94235138700068
CRISIL Gilt,2022-11-10,222.2363362672659
CRISIL Gilt,2022-11-11,221.11249929359036
CRISIL Gilt,2022-11-14,220.746523507491
CRISIL Gilt,2022-11-15,220.5058925958154
CRISIL Gilt,2022-11-16,220.04973720250965
CRISIL Gilt,2022-11-17,218.2926437858858
CRISIL Gilt,2022-11-18,219.3790786266824
CRISIL Gilt,2022-11-21,220.5139620338987
CRISIL Gilt,2022-11-22,220.6958228252292
CRISIL Gilt,2022-11-23,221.9811636167778
CRISIL Gilt,2022-11-24,220.7175839550426
CRISIL Gilt,2022-11-25,221.55328393237247
CRISIL Gilt,2022-11-28,222.06430174429735
CRISIL Gilt,2022-11-29,223.9237140367572
CRISIL Gilt,2022-11-30,223.81977974189027
CRISIL Gilt,2022-12-01,223.98793340426127
CRISIL Gilt,2022-12-02,223.9646154495269
CRISIL Gilt,2022-12-05,224.0534411400621
CRISIL Gilt,2022-12-06,224.4649320226904
CRISIL Gilt,2022-12-07,225.7947401494961
CRISIL Gilt,2022-12-08,224.75502623792983
CRISIL Gilt,2022-12-09,225.14909337070745
CRISIL Gilt,2022-12-12,224.90342816752604
CRISIL Gilt,2022-12-13,226.1933797082872
CRISIL Gilt,2022-12-14,226.4871854491653
CRISIL Gilt,2022-12-15,226.8047231534092
CRISIL Gilt,2022-12-16,226.98011063195617
CRISIL Gilt,2022-12-19,227.66996059858985
CRISIL Gilt,2022-12-20,228.6578726068689
CRISIL Gilt,2022-12-21,228.15875744648645
CRISIL Gilt,2022-12-22,227.16085928227875
CRISIL Gilt,2022-12-23,226.740998572412
CRISIL Gilt,2022-12-26,225.8677949815541
CRISIL Gilt,2022-12-27,225.22281509017068
CRISIL Gilt,2022-12-28,224.7959919262018
CRISIL Gilt,2022-12-29,225.1166053638908
CRISIL Gilt,2022-12-30,225.75023388015305
CRISIL Gilt,2023-01-02,225.1167216118467
CRISIL Gilt,2023-01-03,225.9736085833007
CRISIL Gilt,2023-01-04,227.1178577404557
CRISIL Gilt,2023-01-05,227.7081495702285
CRISIL Gilt,2023-01-06,227.6401670291424
CRISIL Gilt,2023-01-09,228.67260201405563
CRISIL Gilt,2023-01-10,227.97724304203177
CRISIL Gilt,2023-01-11,227.66957390259955
CRISIL Gilt,2023-01-12,228.1595135168646
CRISIL Gilt,2023-01-13,229.1484409768912
CRISIL Gilt,2023-01-16,230.66151426179755
CRISIL Gilt,2023-01-17,230.51849591885187
CRISIL Gilt,2023-01-18,229.8343089413948
CRISIL Gilt,2023-01-19,230.4579766290704
CRISIL Gilt,2023-01-20,230.57994471528087
CRISIL Gilt,2023-01-23,231.950608631548
CRISIL Gilt,2023-01-24,231.7321064572871
CRISIL Gilt,2023-01-25,232.29037335198055
CRISIL Gilt,2023-01-26,231.51605430305983
CRISIL Gilt,2023-01-27,231.75752129665491
CRISIL Gilt,2023-01-30,231.3207171475484
CRISIL Gilt,2023-01-31,232.1640257393824
CRISIL Gilt,2023-02-01,233.9968574842114
CRISIL Gilt,2023-02-02,234.92863507783275
CRISIL Gilt,2023-02-03,236.0109377633824
CRISIL Gilt,2023-02-06,237.69377925947245
CRISIL Gilt,2023-02-07,238.0683056425527
CRISIL Gilt,2023-02-08,238.5283125014285
CRISIL Gilt,2023-02-09,237.32281491089915
CRISIL Gilt,2023-02-10,238.04062877387608
CRISIL Gilt,2023-02-13,238.05421438161548
CRISIL Gilt,2023-02-14,238.79747843227648
CRISIL Gilt,2023-02-15,238.81886767563927
CRISIL Gilt,2023-02-16,238.43778588174035
CRISIL Gilt,2023-02-17,238.6514692371936
CRISIL Gilt,2023-02-20,237.21587407983708
CRISIL Gilt,2023-02-21,236.92050464479703
CRISIL Gilt,2023-02-22,237.8752234697734
CRISIL Gilt,2023-02-23,238.7704140396284
CRISIL Gilt,2023-02-24,239.8935571793945
CRISIL Gilt,2023-02-27,238.77425320651855
CRISIL Gilt,2023-02-28,239.4528632220465
CRISIL Gilt,2023-03-01,239.361115075688
CRISIL Gilt,2023-03-02,239.4402846175705
CRISIL Gilt,2023-03-03,240.3346258732009
CRISIL Gilt,2023-03-06,240.81881133261209
CRISIL Gilt,2023-03-07,240.2750321668352
CRISIL Gilt,2023-03-08,239.4770675541396
CRISIL Gilt,2023-03-09,239.7814102516448
CRISIL Gilt,2023-03-10,239.97464824468983
CRISIL Gilt,2023-03-13,240.3597591660498
CRISIL Gilt,2023-03-14,239.85020574915217
CRISIL Gilt,2023-03-15,239.1182169673839
CRISIL Gilt,2023-03-16,240.181272623291
CRISIL Gilt,2023-03-17,240.3036419602589
CRISIL Gilt,2023-03-20,240.77975317831977
CRISIL Gilt,2023-03-21,241.7337085633444
CRISIL Gilt,2023-03-22,241.7670391488577
CRISIL Gilt,2023-03-23,241.2753007735729
CRISIL Gilt,2023-03-24,240.8446599917202
CRISIL Gilt,2023-03-27,241.513832733276
CRISIL Gilt,2023-03-28,240.77601142823391
CRISIL Gilt,2023-03-29,240.1648723453013
CRISIL Gilt,2023-03-30,239.37004457028385
CRISIL Gilt,2023-03-31,238.68015543329568
CRISIL Gilt,2023-04-03,239.5650621676813
CRISIL Gilt,2023-04-04,240.30148066903837
CRISIL Gilt,2023-04-05,242.1984375877905
CRISIL Gilt,2023-04-06,243.55427122138087
CRISIL Gilt,2023-04-07,243.7058534093047
CRISIL Gilt,2023-04-10,244.44016102313225
CRISIL Gilt,2023-04-11,244.0008161514567
CRISIL Gilt,2023-04-12,242.47361805225893
CRISIL Gilt,2023-04-13,241.80117297473396
CRISIL Gilt,2023-04-14,240.64600198891583
CRISIL Gilt,2023-04-17,240.17445529996317
CRISIL Gilt,2023-04-18,239.0042559444485
CRISIL Gilt,2023-04-19,240.5295250862474
CRISIL Gilt,2023-04-20,241.43923678703968
CRISIL Gilt,2023-04-21,241.41934865115192
CRISIL Gilt,2023-04-24,241.3054922890201
CRISIL Gilt,2023-04-25,242.54180778471576
CRISIL Gilt,2023-04-26,242.1482034224304
CRISIL Gilt,2023-04-27,241.4902389625708
CRISIL Gilt,2023-04-28,240.9453572464912
CRISIL Gilt,2023-05-01,242.40255855721057
CRISIL Gilt,2023-05-02,243.44548523899056
CRISIL Gilt,2023-05-03,243.70132534015025
CRISIL Gilt,2023-05-04,243.5927237770396
CRISIL Gilt,2023-05-05,243.6182418373509
CRISIL Gilt,2023-05-08,245.05464765920195
CRISIL Gilt,2023-05-09,243.520089752317
CRISIL Gilt,2023-05-10,243.4647869381447
CRISIL Gilt,2023-05-11,242.79777046916075
CRISIL Gilt,2023-05-12,243.87277510434356
CRISIL Gilt,2023-05-15,245.89661682728757
CRISIL Gilt,2023-05-16,246.01781776454635
CRISIL Gilt,2023-05-17,246.7456017092317
CRISIL Gilt,2023-05-18,246.96102314186348
CRISIL Gilt,2023-05-19,246.98306096654028
CRISIL Gilt,2023-05-22,247.70604315382164
CRISIL Gilt,2023-05-23,248.91834156560668
CRISIL Gilt,2023-05-24,250.36562283312836
CRISIL Gilt,2023-05-25,251.033007574314
CRISIL Gilt,2023-05-26,251.5464679109992
CRISIL Gilt,2023-05-29,251.24960412585145
CRISIL Gilt,2023-05-30,252.6253974434592
CRISIL Gilt,2023-05-31,251.9651508676576
CRISIL Gilt,2023-06-01,250.5572781367921
CRISIL Gilt,2023-06-02,252.31577597245163
CRISIL Gilt,2023-06-05,253.28488961923756
CRISIL Gilt,2023-06-06,252.7909926696918
CRISIL Gilt,2023-06-07,253.0128779159249
CRISIL Gilt,2023-06-08,252.79436547473716
CRISIL Gilt,2023-06-09,250.9938576157799
CRISIL Gilt,2023-06-12,250.84189304336456
CRISIL Gilt,2023-06-13,252.14233197726253
CRISIL Gilt,2023-06-14,251.37589291147592
CRISIL Gilt,2023-06-15,250.37995714687247
CRISIL Gilt,2023-06-16,250.6305910208923
CRISIL Gilt,2023-06-19,250.04378916024152
CRISIL Gilt,2023-06-20,251.7948885330665
CRISIL Gilt,2023-06-21,252.33047807671824
CRISIL Gilt,2023-06-22,253.56546141627535
CRISIL Gilt,2023-06-23,252.0509117365288
CRISIL Gilt,2023-06-26,252.1380089653828
CRISIL Gilt,2023-06-27,251.49473335938413
CRISIL Gilt,2023-06-28,250.0459683683832
CRISIL Gilt,2023-06-29,251.0333503650506
CRISIL Gilt,2023-06-30,252.4720272452317
CRISIL Gilt,2023-07-03,252.85223529654405
CRISIL Gilt,2023-07-04,252.8196067124658
CRISIL Gilt,2023-07-05,252.25550932113788
CRISIL Gilt,2023-07-06,252.2101328212453
CRISIL Gilt,2023-07-07,253.2203783936181
CRISIL Gilt,2023-07-10,253.31246170229315
CRISIL Gilt,2023-07-11,254.51280661999212
CRISIL Gilt,2023-07-12,254.71648456148168
CRISIL Gilt,2023-07-13,255.55869743941312
CRISIL Gilt,2023-07-14,256.2304933523456
CRISIL Gilt,2023-07-17,257.7006369821808
CRISIL Gilt,2023-07-18,255.9532826836781
CRISIL Gilt,2023-07-19,256.2410948995073
CRISIL Gilt,2023-07-20,255.88487142415664
CRISIL Gilt,2023-07-21,255.1824648814548
CRISIL Gilt,2023-07-24,254.220910418382
CRISIL Gilt,2023-07-25,255.63358281053357
CRISIL Gilt,2023-07-26,254.6457176944983
CRISIL Gilt,2023-07-27,253.9394938842328
CRISIL Gilt,2023-07-28,255.57469853662363
CRISIL Gilt,2023-07-31,257.1014010023699
CRISIL Gilt,2023-08-01,257.3154540635576
CRISIL Gilt,2023-08-02,258.46184664934486
CRISIL Gilt,2023-08-03,259.415963552357
CRISIL Gilt,2023-08-04,260.8199623699162
CRISIL Gilt,2023-08-07,259.9913791552649
CRISIL Gilt,2023-08-08,260.2036312062802
CRISIL Gilt,2023-08-09,258.2130580674861
CRISIL Gilt,2023-08-10,259.7657984996061
CRISIL Gilt,2023-08-11,257.54528217719377
CRISIL Gilt,2023-08-14,256.29329715966554
CRISIL Gilt,2023-08-15,256.01884640986714
CRISIL Gilt,2023-08-16,255.36558011490516
CRISIL Gilt,2023-08-17,254.36651487680825
CRISIL Gilt,2023-08-18,256.08253045470593
CRISIL Gilt,2023-08-21,256.6815091022524
CRISIL Gilt,2023-08-22,256.8989477650961
CRISIL Gilt,2023-08-23,255.7365069672285
CRISIL Gilt,2023-08-24,258.1167155407645
CRISIL Gilt,2023-08-25,257.5610524865951
CRISIL Gilt,2023-08-28,258.37426578264547
CRISIL Gilt,2023-08-29,259.0587252994301
CRISIL Gilt,2023-08-30,258.7668077221824
CRISIL Gilt,2023-08-31,259.0109865168839
CRISIL Gilt,2023-09-01,257.73793438826493
CRISIL Gilt,2023-09-04,258.04590578838906
CRISIL Gilt,2023-09-05,255.59909328028664
CRISIL Gilt,2023-09-06,255.30082095076185
CRISIL Gilt,2023-09-07,255.31521360366983
CRISIL Gilt,2023-09-08,256.0789366886183
CRISIL Gilt,2023-09-11,255.47640297437087
CRISIL Gilt,2023-09-12,253.3203130643908
CRISIL Gilt,2023-09-13,252.392344116942
CRISIL Gilt,2023-09-14,253.2100924291884
CRISIL Gilt,2023-09-15,252.31637443956865
CRISIL Gilt,2023-09-18,251.6217147706185
CRISIL Gilt,2023-09-19,251.31436088229304
CRISIL Gilt,2023-09-20,252.5228183117875
CRISIL Gilt,2023-09-21,251.732761463484
CRISIL Gilt,2023-09-22,251.74005090904552
CRISIL Gilt,2023-09-25,253.1439952812307
CRISIL Gilt,2023-09-26,253.88539466324693
CRISIL Gilt,2023-09-27,254.971142418954
CRISIL Gilt,2023-09-28,255.9095541045713
CRISIL Gilt,2023-09-29,254.37173719749543
CRISIL Gilt,2023-10-02,256.13330373931296
CRISIL Gilt,2023-10-03,254.94439326334447
CRISIL Gilt,2023-10-04,255.2493836365762
CRISIL Gilt,2023-10-05,256.2439949940425
CRISIL Gilt,2023-10-06,255.88730597039608
CRISIL Gilt,2023-10-09,256.18934643982453
CRISIL Gilt,2023-10-10,255.95003685685052
CRISIL Gilt,2023-10-11,256.6868072777957
CRISIL Gilt,2023-10-12,258.6424313169504
CRISIL Gilt,2023-10-13,258.89805613047315
CRISIL Gilt,2023-10-16,258.1214104400301
CRISIL Gilt,2023-10-17,256.5928157501559
CRISIL Gilt,2023-10-18,256.5286568301661
CRISIL Gilt,2023-10-19,257.3632640212093
CRISIL Gilt,2023-10-20,256.1674271330966
CRISIL Gilt,2023-10-23,254.27134483939383
CRISIL Gilt,2023-10-24,251.71709679167
CRISIL Gilt,2023-10-25,251.1365035494639
CRISIL Gilt,2023-10-26,250.91324353863487
CRISIL Gilt,2023-10-27,252.32415613106767
CRISIL Gilt,2023-10-30,250.322282530988
CRISIL Gilt,2023-10-31,252.1619361408341
CRISIL Gilt,2023-11-01,251.40212983223725
CRISIL Gilt,2023-11-02,251.93626076205763
CRISIL Gilt,2023-11-03,253.05783955888865
CRISIL Gilt,2023-11-06,251.8573526457398
CRISIL Gilt,2023-11-07,251.6759444805536
CRISIL Gilt,2023-11-08,251.70904408950088
CRISIL Gilt,2023-11-09,251.94465360314936
CRISIL Gilt,2023-11-10,253.34811232575623
CRISIL Gilt,2023-11-13,254.64534094995287
CRISIL Gilt,2023-11-14,255.68318590719
CRISIL Gilt,2023-11-15,255.49680316259943
CRISIL Gilt,2023-11-16,255.98314756004007
CRISIL Gilt,2023-11-17,255.9935642275194
CRISIL Gilt,2023-11-20,253.7103287886189
CRISIL Gilt,2023-11-21,253.73096148149307
CRISIL Gilt,2023-11-22,252.67669782024748
CRISIL Gilt,2023-11-23,255.31341270791677
CRISIL Gilt,2023-11-24,255.1920029185024
CRISIL Gilt,2023-11-27,253.17360297510476
CRISIL Gilt,2023-11-28,253.12141048686613
CRISIL Gilt,2023-11-29,252.6108629903506
CRISIL Gilt,2023-11-30,253.6385047872993
CRISIL Gilt,2023-12-01,254.48464088139255
CRISIL Gilt,2023-12-04,254.47479933989183
CRISIL Gilt,2023-12-05,253.64248641789092
CRISIL Gilt,2023-12-06,254.18976119898628
CRISIL Gilt,2023-12-07,253.37988578697968
CRISIL Gilt,2023-12-08,252.5801650023867
CRISIL Gilt,2023-12-11,252.8045160655288
CRISIL Gilt,2023-12-12,250.4122007816576
CRISIL Gilt,2023-12-13,250.25433915778189
CRISIL Gilt,2023-12-14,248.85848778309608
CRISIL Gilt,2023-12-15,250.73153245735747
CRISIL Gilt,2023-12-18,250.82374720858527
CRISIL Gilt,2023-12-19,251.61381476420945
CRISIL Gilt,2023-12-20,251.3934493375449
CRISIL Gilt,2023-12-21,252.7308003814
CRISIL Gilt,2023-12-22,252.04280697662577
CRISIL Gilt,2023-12-25,251.18454717334987
CRISIL Gilt,2023-12-26,249.84456775257655
CRISIL Gilt,2023-12-27,250.39843535478877
CRISIL Gilt,2023-12-28,250.55095953804013
CRISIL Gilt,2023-12-29,250.9820971815378
CRISIL Gilt,2024-01-01,252.4796904511567
CRISIL Gilt,2024-01-02,253.0560010596871
CRISIL Gilt,2024-01-03,252.8283070823599
CRISIL Gilt,2024-01-04,253.4341586798208
CRISIL Gilt,2024-01-05,253.8581637887898
CRISIL Gilt,2024-01-08,254.57789006331288
CRISIL Gilt,2024-01-09,255.1530751941854
CRISIL Gilt,2024-01-10,255.1880949077356
CRISIL Gilt,2024-01-11,256.51531455061235
CRISIL Gilt,2024-01-12,255.92199925215897
CRISIL Gilt,2024-01-15,256.5139160641504
CRISIL Gilt,2024-01-16,257.20438101180144
CRISIL Gilt,2024-01-17,256.8148797579457
CRISIL Gilt,2024-01-18,257.0777451381709
CRISIL Gilt,2024-01-19,257.412636015996
CRISIL Gilt,2024-01-22,258.67331360220817
CRISIL Gilt,2024-01-23,258.6090544074215
CRISIL Gilt,2024-01-24,257.43459617725955
CRISIL Gilt,2024-01-25,255.2003010143932
CRISIL Gilt,2024-01-26,255.52306902891763
CRISIL Gilt,2024-01-29,254.7390115574676
CRISIL Gilt,2024-01-30,253.2733208450554
CRISIL Gilt,2024-01-31,252.29022848296503
CRISIL Gilt,2024-02-01,252.1841023417542
CRISIL Gilt,2024-02-02,250.8737723404657
CRISIL Gilt,2024-02-05,251.51984508711155
CRISIL Gilt,2024-02-06,251.6725690996599
CRISIL Gilt,2024-02-07,250.3289667309609
CRISIL Gilt,2024-02-08,248.8471519107402
CRISIL Gilt,2024-02-09,249.58761386535355
CRISIL Gilt,2024-02-12,249.3189567093556
CRISIL Gilt,2024-02-13,249.6283991813407
CRISIL Gilt,2024-02-14,250.05344108804923
CRISIL Gilt,2024-02-15,251.3894136473833
CRISIL Gilt,2024-02-16,249.31558784652535
CRISIL Gilt,2024-02-19,247.95386430951584
CRISIL Gilt,2024-02-20,248.40149024394125
CRISIL Gilt,2024-02-21,247.8190360376266
CRISIL Gilt,2024-02-22,248.6997814855229
CRISIL Gilt,2024-02-23,248.6987560549704
CRISIL Gilt,2024-02-26,249.466119344586
CRISIL Gilt,2024-02-27,250.36190686496244
CRISIL Gilt,2024-02-28,250.78226450382053
CRISIL Gilt,2024-02-29,250.21292924747215
CRISIL Gilt,2024-03-01,250.4192154294794
CRISIL Gilt,2024-03-04,249.0294792924428
CRISIL Gilt,2024-03-05,250.17933472231624
CRISIL Gilt,2024-03-06,248.90239551822825
CRISIL Gilt,2024-03-07,250.1796781991793
CRISIL Gilt,2024-03-08,249.7006462852765
CRISIL Gilt,2024-03-11,249.33137290822452
CRISIL Gilt,2024-03-12,251.51564088074613
CRISIL Gilt,2024-03-13,250.7481983158084
CRISIL Gilt,2024-03-14,252.88394784802765
CRISIL Gilt,2024-03-15,251.51957844117308
CRISIL Gilt,2024-03-18,251.39614453246756
CRISIL Gilt,2024-03-19,250.21269342408084
CRISIL Gilt,2024-03-20,250.59203926324125
CRISIL Gilt,2024-03-21,250.44643321365052
CRISIL Gilt,2024-03-22,251.4338567846828
CRISIL Gilt,2024-03-25,250.5663507939131
CRISIL Gilt,2024-03-26,252.311497607128
CRISIL Gilt,2024-03-27,252.66992841741128
CRISIL Gilt,2024-03-28,252.42988786182855
CRISIL Gilt,2024-03-29,252.1084294473441
CRISIL Gilt,2024-04-01,252.1746216690996
CRISIL Gilt,2024-04-02,251.8948055238757
CRISIL Gilt,2024-04-03,251.4689228169787
CRISIL Gilt,2024-04-04,253.23526117142563
CRISIL Gilt,2024-04-05,252.8104601132609
CRISIL Gilt,2024-04-08,251.1136413482893
CRISIL Gilt,2024-04-09,251.84000552066504
CRISIL Gilt,2024-04-10,252.0269969836659
CRISIL Gilt,2024-04-11,252.70399820066223
CRISIL Gilt,2024-04-12,254.89263256220755
CRISIL Gilt,2024-04-15,254.656847137391
CRISIL Gilt,2024-04-16,253.8164368378323
CRISIL Gilt,2024-04-17,252.8707001069572
CRISIL Gilt,2024-04-18,253.35120635631776
CRISIL Gilt,2024-04-19,254.12735789039556
CRISIL Gilt,2024-04-22,254.230925783278
CRISIL Gilt,2024-04-23,256.03994717787
CRISIL Gilt,2024-04-24,256.12046212318654
CRISIL Gilt,2024-04-25,254.94579065625956
CRISIL Gilt,2024-04-26,255.0469531452868
CRISIL Gilt,2024-04-29,253.46022514857228
CRISIL Gilt,2024-04-30,252.64854330966483
CRISIL Gilt,2024-05-01,251.299244699096
CRISIL Gilt,2024-05-02,250.01475810565785
CRISIL Gilt,2024-05-03,248.57742799409675
CRISIL Gilt,2024-05-06,250.04951479643896
CRISIL Gilt,2024-05-07,251.39789175629983
CRISIL Gilt,2024-05-08,251.5295155686176
CRISIL Gilt,2024-05-09,252.43317255606215
CRISIL Gilt,2024-05-10,253.85076519225356
CRISIL Gilt,2024-05-13,256.082300060526
CRISIL Gilt,2024-05-14,256.01810249191595
CRISIL Gilt,2024-05-15,255.67881379603185
CRISIL Gilt,2024-05-16,255.48769621732347
CRISIL Gilt,2024-05-17,256.4659868141347
CRISIL Gilt,2024-05-20,255.8950011184562
CRISIL Gilt,2024-05-21,255.2398751649122
CRISIL Gilt,2024-05-22,254.44422835629388
CRISIL Gilt,2024-05-23,254.90872555696225
CRISIL Gilt,2024-05-24,255.16131475943396
CRISIL Gilt,2024-05-27,255.0979118312247
CRISIL Gilt,2024-05-28,255.01058337767185
CRISIL Gilt,2024-05-29,254.9190914319296
CRISIL Gilt,2024-05-30,253.4832835677658
CRISIL Gilt,2024-05-31,254.05405872758183
CRISIL Gilt,2024-06-03,253.63280641363485
CRISIL Gilt,2024-06-04,252.78688884255868
CRISIL Gilt,2024-06-05,252.61169527370976
CRISIL Gilt,2024-06-06,253.15319785416028
CRISIL Gilt,2024-06-07,253.79956083898296
CRISIL Gilt,2024-06-10,253.8420754003774
CRISIL Gilt,2024-06-11,254.2518318017261
CRISIL Gilt,2024-06-12,254.209660675228
CRISIL Gilt,2024-06-13,255.2390031602728
CRISIL Gilt,2024-06-14,254.2073532556492
CRISIL Gilt,2024-06-17,253.88462505286867
CRISIL Gilt,2024-06-18,252.69903896524096
CRISIL Gilt,2024-06-19,251.84064803856265
CRISIL Gilt,2024-06-20,251.49647893447604
CRISIL Gilt,2024-06-21,252.60271579463665
CRISIL Gilt,2024-06-24,254.23077189107784
CRISIL Gilt,2024-06-25,253.7287793519604
CRISIL Gilt,2024-06-26,251.79687245902727
CRISIL Gilt,2024-06-27,252.33118149384288
CRISIL Gilt,2024-06-28,253.0360925967098
CRISIL Gilt,2024-07-01,253.8849906177752
CRISIL Gilt,2024-07-02,254.72925210063147
CRISIL Gilt,2024-07-03,253.24536120841253
CRISIL Gilt,2024-07-04,252.94869948797785
CRISIL Gilt,2024-07-05,252.95808702889263
CRISIL Gilt,2024-07-08,253.5842487614169
CRISIL Gilt,2024-07-09,254.6743934652275
CRISIL Gilt,2024-07-10,255.1319616002709
CRISIL Gilt,2024-07-11,256.22274302852526
CRISIL Gilt,2024-07-12,255.33573141725404
CRISIL Gilt,2024-07-15,255.6481071988313
CRISIL Gilt,2024-07-16,256.934284466133
CRISIL Gilt,2024-07-17,257.08109413545844
CRISIL Gilt,2024-07-18,258.459377966008
CRISIL Gilt,2024-07-19,258.2738475447328
CRISIL Gilt,2024-07-22,256.4641251415107
CRISIL Gilt,2024-07-23,254.2707401548284
CRISIL Gilt,2024-07-24,255.17135943618683
CRISIL Gilt,2024-07-25,255.27056993949185
CRISIL Gilt,2024-07-26,254.20398422269503
CRISIL Gilt,2024-07-29,253.0732173959188
CRISIL Gilt,2024-07-30,253.58407932424612
CRISIL Gilt,2024-07-31,252.50602323433824
CRISIL Gilt,2024-08-01,252.42699402972693
CRISIL Gilt,2024-08-02,254.12608217747947
CRISIL Gilt,2024-08-05,254.5558952344
CRISIL Gilt,2024-08-06,256.0689175892866
CRISIL Gilt,2024-08-07,255.176829749928
CRISIL Gilt,2024-08-08,254.8880746619808
CRISIL Gilt,2024-08-09,254.82096932386645
CRISIL Gilt,2024-08-12,255.59973109973083
CRISIL Gilt,2024-08-13,255.5918053069209
CRISIL Gilt,2024-08-14,255.3589147293332
CRISIL Gilt,2024-08-15,257.2292755749816
CRISIL Gilt,2024-08-16,255.1405443134932
CRISIL Gilt,2024-08-19,251.70585502413687
CRISIL Gilt,2024-08-20,251.08549943905248
CRISIL Gilt,2024-08-21,251.35889583887464
CRISIL Gilt,2024-08-22,250.61570251939747
CRISIL Gilt,2024-08-23,251.58449339779693
CRISIL Gilt,2024-08-26,252.75566988725177
CRISIL Gilt,2024-08-27,251.72032525588975
CRISIL Gilt,2024-08-28,252.63535294515108
CRISIL Gilt,2024-08-29,250.83040977449497
CRISIL Gilt,2024-08-30,250.01924094432368
CRISIL Gilt,2024-09-02,250.9572243193639
CRISIL Gilt,2024-09-03,250.94505635054605
CRISIL Gilt,2024-09-04,251.00955637674184
CRISIL Gilt,2024-09-05,251.78912467689625
CRISIL Gilt,2024-09-06,252.95815858459295
CRISIL Gilt,2024-09-09,251.78831711681747
CRISIL Gilt,2024-09-10,252.1102730929353
CRISIL Gilt,2024-09-11,249.89177022875603
CRISIL Gilt,2024-09-12,251.53951524238872
CRISIL Gilt,2024-09-13,252.25533953274345
CRISIL Gilt,2024-09-16,251.4599521358428
CRISIL Gilt,2024-09-17,251.38392108870192
CRISIL Gilt,2024-09-18,253.03096929135123
CRISIL Gilt,2024-09-19,252.38858772468933
CRISIL Gilt,2024-09-20,251.1936803354836
CRISIL Gilt,2024-09-23,251.65929367477588
CRISIL Gilt,2024-09-24,251.34016355719456
CRISIL Gilt,2024-09-25,250.9664686641743
CRISIL Gilt,2024-09-26,250.74564042433892
CRISIL Gilt,2024-09-27,251.61969113630371
CRISIL Gilt,2024-09-30,250.92309174046807
CRISIL Gilt,2024-10-01,251.94754631210552
CRISIL Gilt,2024-10-02,251.51299430857472
CRISIL Gilt,2024-10-03,253.17256353982089
CRISIL Gilt,2024-10-04,253.662270231937
CRISIL Gilt,2024-10-07,252.93832560994483
CRISIL Gilt,2024-10-08,254.5408868338317
CRISIL Gilt,2024-10-09,256.3251787616268
CRISIL Gilt,2024-10-10,256.47340058780384
CRISIL Gilt,2024-10-11,255.49956752213677
CRISIL Gilt,2024-10-14,254.6981399356484
CRISIL Gilt,2024-10-15,253.9446031520614
CRISIL Gilt,2024-10-16,254.76734435818128
CRISIL Gilt,2024-10-17,254.8715559607482
CRISIL Gilt,2024-10-18,255.74984062154408
CRISIL Gilt,2024-10-21,257.0698611873778
CRISIL Gilt,2024-10-22,256.58086262816266
CRISIL Gilt,2024-10-23,257.4738600743529
CRISIL Gilt,2024-10-24,257.4674810385744
CRISIL Gilt,2024-10-25,258.4248096855273
CRISIL Gilt,2024-10-28,258.7603100013199
CRISIL Gilt,2024-10-29,257.996921415245
CRISIL Gilt,2024-10-30,257.01358801993496
CRISIL Gilt,2024-10-31,256.64960316311823
CRISIL Gilt,2024-11-01,257.2907655724076
CRISIL Gilt,2024-11-04,257.85254900222503
CRISIL Gilt,2024-11-05,256.6754918872196
CRISIL Gilt,2024-11-06,255.546861499802
CRISIL Gilt,2024-11-07,255.70816824091003
CRISIL Gilt,2024-11-08,255.31307882055236
CRISIL Gilt,2024-11-11,253.6809210764397
CRISIL Gilt,2024-11-12,252.6762283903197
CRISIL Gilt,2024-11-13,252.8501002796409
CRISIL Gilt,2024-11-14,255.1140309977659
CRISIL Gilt,2024-11-15,255.73682890963576
CRISIL Gilt,2024-11-18,256.5965752598745
CRISIL Gilt,2024-11-19,257.51900665552654
CRISIL Gilt,2024-11-20,258.2782139264958
CRISIL Gilt,2024-11-21,258.1068726760328
CRISIL Gilt,2024-11-22,259.2354366671206
CRISIL Gilt,2024-11-25,259.6736939348093
CRISIL Gilt,2024-11-26,260.0235303136259
CRISIL Gilt,2024-11-27,260.3457871799638
CRISIL Gilt,2024-11-28,258.8908201947199
CRISIL Gilt,2024-11-29,260.8774386895001
CRISIL Gilt,2024-12-02,260.57423140337204
CRISIL Gilt,2024-12-03,261.64433735447926
CRISIL Gilt,2024-12-04,262.240820842867
CRISIL Gilt,2024-12-05,261.31022709704587
CRISIL Gilt,2024-12-06,260.0931446780111
CRISIL Gilt,2024-12-09,260.23225638050104
CRISIL Gilt,2024-12-10,261.18074606662015
CRISIL Gilt,2024-12-11,260.7831636119062
CRISIL Gilt,2024-12-12,260.4563763588537
CRISIL Gilt,2024-12-13,259.71859362282805
CRISIL Gilt,2024-12-16,258.8265086159071
CRISIL Gilt,2024-12-17,259.1384497520369
CRISIL Gilt,2024-12-18,260.33490778431747
CRISIL Gilt,2024-12-19,257.6455226864182
CRISIL Gilt,2024-12-20,258.59485223561865
CRISIL Gilt,2024-12-23,260.1955720224542
CRISIL Gilt,2024-12-24,260.687839510268
CRISIL Gilt,2024-12-25,260.09943455972524
CRISIL Gilt,2024-12-26,257.29898785387934
CRISIL Gilt,2024-12-27,257.6327938337271
CRISIL Gilt,2024-12-30,258.4164031576703
CRISIL Gilt,2024-12-31,257.74487442098587
CRISIL Gilt,2025-01-01,257.50742286763705
CRISIL Gilt,2025-01-02,259.1632181614856
CRISIL Gilt,2025-01-03,259.1513955736916
CRISIL Gilt,2025-01-06,259.0493826207762
CRISIL Gilt,2025-01-07,260.9061591424402
CRISIL Gilt,2025-01-08,260.8458581081001
CRISIL Gilt,2025-01-09,260.26988880521446
CRISIL Gilt,2025-01-10,260.48054063983466
CRISIL Gilt,2025-01-13,260.9550957455321
CRISIL Gilt,2025-01-14,261.12821749358807
CRISIL Gilt,2025-01-15,260.8753026293621
CRISIL Gilt,2025-01-16,261.8511880827272
CRISIL Gilt,2025-01-17,261.5801632349966
CRISIL Gilt,2025-01-20,262.0121191362881
CRISIL Gilt,2025-01-21,260.33422669919577
CRISIL Gilt,2025-01-22,259.74645937930563
CRISIL Gilt,2025-01-23,259.5424720859879
CRISIL Gilt,2025-01-24,259.59218581403263
CRISIL Gilt,2025-01-27,260.201582126449
CRISIL Gilt,2025-01-28,259.981650937038
CRISIL Gilt,2025-01-29,260.6667330107033
CRISIL Gilt,2025-01-30,260.77090605999905
CRISIL Gilt,2025-01-31,260.993573707705
CRISIL Gilt,2025-02-03,259.8589379765563
CRISIL Gilt,2025-02-04,260.9061742009144
CRISIL Gilt,2025-02-05,260.3890840181261
CRISIL Gilt,2025-02-06,262.0127254387036
CRISIL Gilt,2025-02-07,263.4802767563192
CRISIL Gilt,2025-02-10,262.59731093524164
CRISIL Gilt,2025-02-11,262.3985520185355
CRISIL Gilt,2025-02-12,263.14548125338155
CRISIL Gilt,2025-02-13,261.2149287812556
CRISIL Gilt,2025-02-14,260.5262958377708
CRISIL Gilt,2025-02-17,260.8724311356691
CRISIL Gilt,2025-02-18,260.88473285118084
CRISIL Gilt,2025-02-19,258.79222598784867
CRISIL Gilt,2025-02-20,260.1233979568517
CRISIL Gilt,2025-02-21,258.0544004443468
CRISIL Gilt,2025-02-24,257.2681408319507
CRISIL Gilt,2025-02-25,257.7616862083562
CRISIL Gilt,2025-02-26,257.8223149934624
CRISIL Gilt,2025-02-27,258.19627272718054
CRISIL Gilt,2025-02-28,258.37387018941985
CRISIL Gilt,2025-03-03,257.09230374513083
CRISIL Gilt,2025-03-04,256.2586483056303
CRISIL Gilt,2025-03-05,257.13239628357337
CRISIL Gilt,2025-03-06,256.733840437544
CRISIL Gilt,2025-03-07,257.5342858178627
CRISIL Gilt,2025-03-10,258.0469607852756
CRISIL Gilt,2025-03-11,259.62259994497686
CRISIL Gilt,2025-03-12,259.5310770217948
CRISIL Gilt,2025-03-13,259.4156387584288
CRISIL Gilt,2025-03-14,256.62455044696776
CRISIL Gilt,2025-03-17,254.98116256701456
CRISIL Gilt,2025-03-18,255.57095781316983
CRISIL Gilt,2025-03-19,254.7829649654348
CRISIL Gilt,2025-03-20,254.91924938633693
CRISIL Gilt,2025-03-21,256.64292244454174
CRISIL Gilt,2025-03-24,257.0074040312138
CRISIL Gilt,2025-03-25,256.66412628502195
CRISIL Gilt,2025-03-26,257.46506183255485
CRISIL Gilt,2025-03-27,258.7694481671249
CRISIL Gilt,2025-03-28,260.9125201759121
CRISIL Gilt,2025-03-31,262.1832942160737
CRISIL Gilt,2025-04-01,262.31822613191264
CRISIL Gilt,2025-04-02,263.44072844013016
CRISIL Gilt,2025-04-03,264.1064159849686
CRISIL Gilt,2025-04-04,265.51551945845193
CRISIL Gilt,2025-04-07,265.6349920728319
CRISIL Gilt,2025-04-08,265.77112381930925
CRISIL Gilt,2025-04-09,266.09993286719987
CRISIL Gilt,2025-04-10,264.38472738467004
CRISIL Gilt,2025-04-11,265.9112002994279
CRISIL Gilt,2025-04-14,263.6206272421027
CRISIL Gilt,2025-04-15,262.57092145989645
CRISIL Gilt,2025-04-16,261.7010154820279
CRISIL Gilt,2025-04-17,263.7183936151158
CRISIL Gilt,2025-04-18,264.07294408165484
CRISIL Gilt,2025-04-21,263.9824834892293
CRISIL Gilt,2025-04-22,263.2387368478489
CRISIL Gilt,2025-04-23,263.59510896141177
CRISIL Gilt,2025-04-24,264.9649424915828
CRISIL Gilt,2025-04-25,266.7487392261008
CRISIL Gilt,2025-04-28,265.9361464056291
CRISIL Gilt,2025-04-29,264.3138495289851
CRISIL Gilt,2025-04-30,263.6829598340922
CRISIL Gilt,2025-05-01,265.18178244325225
CRISIL Gilt,2025-05-02,265.7872483121247
CRISIL Gilt,2025-05-05,265.56688930857865
CRISIL Gilt,2025-05-06,265.26872128804365
CRISIL Gilt,2025-05-07,265.8468404870644
CRISIL Gilt,2025-05-08,266.1727315912175
CRISIL Gilt,2025-05-09,266.9796877888359
CRISIL Gilt,2025-05-12,265.7812033950016
CRISIL Gilt,2025-05-13,265.11707477673195
CRISIL Gilt,2025-05-14,263.69900608113363
CRISIL Gilt,2025-05-15,264.75049074148774
CRISIL Gilt,2025-05-16,264.27399804212496
CRISIL Gilt,2025-05-19,264.51401830209386
CRISIL Gilt,2025-05-20,265.3363058954745
CRISIL Gilt,2025-05-21,264.1304940425022
CRISIL Gilt,2025-05-22,264.8585134925325
CRISIL Gilt,2025-05-23,264.62426242649906
CRISIL Gilt,2025-05-26,266.218034806911
CRISIL Gilt,2025-05-27,265.9652857095254
CRISIL Gilt,2025-05-28,266.7564605186694
CRISIL Gilt,2025-05-29,266.52006584968683
CRISIL Gilt,2025-05-30,265.4624551483724
CRISIL Gilt,2025-06-02,264.52961244410585
CRISIL Gilt,2025-06-03,263.92275691641174
CRISIL Gilt,2025-06-04,263.1744805280903
CRISIL Gilt,2025-06-05,263.5774312766896
CRISIL Gilt,2025-06-06,266.9342752591575
CRISIL Gilt,2025-06-09,265.7201397705855
CRISIL Gilt,2025-06-10,264.1177004096548
CRISIL Gilt,2025-06-11,263.3352727695862
CRISIL Gilt,2025-06-12,263.9673984180684
CRISIL Gilt,2025-06-13,263.04609183565645
CRISIL Gilt,2025-06-16,264.5407556614487
CRISIL Gilt,2025-06-17,265.8292903561684
CRISIL Gilt,2025-06-18,266.491943826748
CRISIL Gilt,2025-06-19,263.8756614494233
CRISIL Gilt,2025-06-20,264.44258190361694
CRISIL Gilt,2025-06-23,264.9881311631795
CRISIL Gilt,2025-06-24,264.1192391323213
CRISIL Gilt,2025-06-25,264.86072546090094
CRISIL Gilt,2025-06-26,264.71052108682466
CRISIL Gilt,2025-06-27,263.90653185433354
CRISIL Gilt,2025-06-30,265.2108676902033
CRISIL Gilt,2025-07-01,264.2812726452605
CRISIL Gilt,2025-07-02,264.0695024153516
CRISIL Gilt,2025-07-03,265.15380209606974
CRISIL Gilt,2025-07-04,264.5586077556635
CRISIL Gilt,2025-07-07,264.5990913015823
CRISIL Gilt,2025-07-08,262.56229451300766
CRISIL Gilt,2025-07-09,260.6219859014701
CRISIL Gilt,2025-07-10,262.4506225281237
CRISIL Gilt,2025-07-11,263.28125562307906
CRISIL Gilt,2025-07-14,262.6650171652348
CRISIL Gilt,2025-07-15,261.7558145350782
CRISIL Gilt,2025-07-16,259.9011341623057
CRISIL Gilt,2025-07-17,259.6005809722546
CRISIL Gilt,2025-07-18,257.42617026517945
CRISIL Gilt,2025-07-21,257.26182764130715
CRISIL Gilt,2025-07-22,256.0784952537863
CRISIL Gilt,2025-07-23,255.8540166253796
CRISIL Gilt,2025-07-24,255.5026593914024
CRISIL Gilt,2025-07-25,253.89571173737676
CRISIL Gilt,2025-07-28,254.69287663529644
CRISIL Gilt,2025-07-29,254.2537507466973
CRISIL Gilt,2025-07-30,253.6433399490772
CRISIL Gilt,2025-07-31,254.14346464154795
CRISIL Gilt,2025-08-01,254.29056134802224
CRISIL Gilt,2025-08-04,254.1932853003003
CRISIL Gilt,2025-08-05,253.1947615749415
CRISIL Gilt,2025-08-06,254.6994355554217
CRISIL Gilt,2025-08-07,253.7986277776681
CRISIL Gilt,2025-08-08,252.75439860710875
CRISIL Gilt,2025-08-11,252.3326838537412
CRISIL Gilt,2025-08-12,252.19962401721665
CRISIL Gilt,2025-08-13,251.96205226695864
CRISIL Gilt,2025-08-14,251.0363806998555
CRISIL Gilt,2025-08-15,250.9947027233718
CRISIL Gilt,2025-08-18,250.13786480645243
CRISIL Gilt,2025-08-19,249.5283989935364
CRISIL Gilt,2025-08-20,250.44103765594903
CRISIL Gilt,2025-08-21,250.1446372083801
CRISIL Gilt,2025-08-22,250.4322369102205
CRISIL Gilt,2025-08-25,249.9048705422656
CRISIL Gilt,2025-08-26,251.018304818372
CRISIL Gilt,2025-08-27,251.77149978253428
CRISIL Gilt,2025-08-28,254.1152810680844
CRISIL Gilt,2025-08-29,254.06662732534755
CRISIL Gilt,2025-09-01,253.96248684563943
CRISIL Gilt,2025-09-02,253.77517544814376
CRISIL Gilt,2025-09-03,253.66721635631052
CRISIL Gilt,2025-09-04,253.6653061760758
CRISIL Gilt,2025-09-05,253.50275643573204
CRISIL Gilt,2025-09-08,252.1473118420452
CRISIL Gilt,2025-09-09,249.95943707132764
CRISIL Gilt,2025-09-10,249.4764432872309
CRISIL Gilt,2025-09-11,251.5939251260193
CRISIL Gilt,2025-09-12,250.81721817474613
CRISIL Gilt,2025-09-15,250.8655090549169
CRISIL Gilt,2025-09-16,251.6475034259052
CRISIL Gilt,2025-09-17,252.51573389361107
CRISIL Gilt,2025-09-18,253.47584985800816
CRISIL Gilt,2025-09-19,254.9822675942996
CRISIL Gilt,2025-09-22,254.1910875555976
CRISIL Gilt,2025-09-23,254.2741353939874
CRISIL Gilt,2025-09-24,255.6054078448667
CRISIL Gilt,2025-09-25,256.5561339505718
CRISIL Gilt,2025-09-26,254.640293866192
CRISIL Gilt,2025-09-29,255.9705284483121
CRISIL Gilt,2025-09-30,256.43142335163344
CRISIL Gilt,2025-10-01,256.73698306203875
CRISIL Gilt,2025-10-02,257.1969096924444
CRISIL Gilt,2025-10-03,254.7816550003909
CRISIL Gilt,2025-10-06,257.01185197490764
CRISIL Gilt,2025-10-07,255.90570507106685
CRISIL Gilt,2025-10-08,255.9096375861101
CRISIL Gilt,2025-10-09,255.9882485652635
CRISIL Gilt,2025-10-10,255.1706093096221
CRISIL Gilt,2025-10-13,254.68069556013185
CRISIL Gilt,2025-10-14,253.403514593109
CRISIL Gilt,2025-10-15,254.80278615508365
CRISIL Gilt,2025-10-16,255.65540454976173
CRISIL Gilt,2025-10-17,256.9009464664208
CRISIL Gilt,2025-10-20,256.4557470873767
CRISIL Gilt,2025-10-21,253.6585262240881
CRISIL Gilt,2025-10-22,251.36556775759345
CRISIL Gilt,2025-10-23,251.45332871357743
CRISIL Gilt,2025-10-24,250.0830603104569
CRISIL Gilt,2025-10-27,251.67456111112656
CRISIL Gilt,2025-10-28,251.61414687138927
CRISIL Gilt,2025-10-29,253.04958040841456
CRISIL Gilt,2025-10-30,254.30396046610403
CRISIL Gilt,2025-10-31,254.86271048156505
CRISIL Gilt,2025-11-03,253.6690558269641
CRISIL Gilt,2025-11-04,252.53312991516208
CRISIL Gilt,2025-11-05,251.81753566805824
CRISIL Gilt,2025-11-06,250.983040348294
CRISIL Gilt,2025-11-07,251.01282877116105
CRISIL Gilt,2025-11-10,248.6708428825497
CRISIL Gilt,2025-11-11,250.32827121400493
CRISIL Gilt,2025-11-12,251.85373323823612
CRISIL Gilt,2025-11-13,252.7137445808543
CRISIL Gilt,2025-11-14,253.59219986890056
CRISIL Gilt,2025-11-17,254.3428225343553
CRISIL Gilt,2025-11-18,255.4870678844073
CRISIL Gilt,2025-11-19,254.47607141503687
CRISIL Gilt,2025-11-20,255.57106485637624
CRISIL Gilt,2025-11-21,255.6971243167889
CRISIL Gilt,2025-11-24,256.69931037974857
CRISIL Gilt,2025-11-25,257.0492821736352
CRISIL Gilt,2025-11-26,257.0941645210262
CRISIL Gilt,2025-11-27,257.5554510530832
CRISIL Gilt,2025-11-28,256.64758153212466
CRISIL Gilt,2025-12-01,255.87046057217012
CRISIL Gilt,2025-12-02,256.6654186807817
CRISIL Gilt,2025-12-03,256.2660515447849
CRISIL Gilt,2025-12-04,257.6415183323778
CRISIL Gilt,2025-12-05,257.4701066022944
CRISIL Gilt,2025-12-08,256.39376800769065
CRISIL Gilt,2025-12-09,255.53078809530223
CRISIL Gilt,2025-12-10,256.3268035911357
CRISIL Gilt,2025-12-11,257.2852175803745
CRISIL Gilt,2025-12-12,256.5120897021155
CRISIL Gilt,2025-12-15,256.45921490342187
CRISIL Gilt,2025-12-16,255.00141708506365
CRISIL Gilt,2025-12-17,257.3063752075763
CRISIL Gilt,2025-12-18,257.796377211138
CRISIL Gilt,2025-12-19,258.0703563849879
CRISIL Gilt,2025-12-22,260.02036205734817
CRISIL Gilt,2025-12-23,259.43101194208054
CRISIL Gilt,2025-12-24,260.677513957801
CRISIL Gilt,2025-12-25,260.0888798881753
CRISIL Gilt,2025-12-26,258.4594098813928
CRISIL Gilt,2025-12-29,258.78411740230666
CRISIL Gilt,2025-12-30,258.4510915679171
CRISIL Gilt,2025-12-31,259.41921126606144
CRISIL Gilt,2026-01-01,260.6852657414309
CRISIL Gilt,2026-01-02,261.41212287072585
CRISIL Gilt,2026-01-05,262.98970919179385
CRISIL Gilt,2026-01-06,262.7831791677063
CRISIL Gilt,2026-01-07,262.7479199121201
CRISIL Gilt,2026-01-08,263.5257014903423
CRISIL Gilt,2026-01-09,265.51692906831283
CRISIL Gilt,2026-01-12,265.7263481372537
CRISIL Gilt,2026-01-13,264.1552117095701
CRISIL Gilt,2026-01-14,264.7511185139094
CRISIL Gilt,2026-01-15,264.1062042645128
CRISIL Gilt,2026-01-16,265.5930025601127
CRISIL Gilt,2026-01-19,264.7703422648762
CRISIL Gilt,2026-01-20,265.7626527433479
CRISIL Gilt,2026-01-21,266.2766747788355
CRISIL Gilt,2026-01-22,265.2599847496816
CRISIL Gilt,2026-01-23,266.1682967787218
CRISIL Gilt,2026-01-26,266.67309456051044
CRISIL Gilt,2026-01-27,265.9871316913127
CRISIL Gilt,2026-01-28,266.09098497359594
CRISIL Gilt,2026-01-29,264.94478991625124
CRISIL Gilt,2026-01-30,264.10331028291193
CRISIL Gilt,2026-02-02,265.2570805846759
CRISIL Gilt,2026-02-03,264.31879865007454
CRISIL Gilt,2026-02-04,263.50019184551513
CRISIL Gilt,2026-02-05,265.7819721163096
CRISIL Gilt,2026-02-06,267.1889152125797
CRISIL Gilt,2026-02-09,268.2325928053896
CRISIL Gilt,2026-02-10,267.9715267197269
CRISIL Gilt,2026-02-11,266.92971559680103
CRISIL Gilt,2026-02-12,267.0909480642326
CRISIL Gilt,2026-02-13,266.1307516348803
CRISIL Gilt,2026-02-16,265.8819754725943
CRISIL Gilt,2026-02-17,266.4471549253121
CRISIL Gilt,2026-02-18,266.880922152816
CRISIL Gilt,2026-02-19,265.7794683608707
CRISIL Gilt,2026-02-20,267.3378877332078
CRISIL Gilt,2026-02-23,267.2429741933346
CRISIL Gilt,2026-02-24,268.2707146226708
CRISIL Gilt,2026-02-25,268.7770235329615
CRISIL Gilt,2026-02-26,268.8602201660924
CRISIL Gilt,2026-02-27,270.28010873798127
CRISIL Gilt,2026-03-02,268.4577083000724
CRISIL Gilt,2026-03-03,269.5811884321631
CRISIL Gilt,2026-03-04,268.8194803486746
CRISIL Gilt,2026-03-05,269.4625275038896
CRISIL Gilt,2026-03-06,270.7065450523295
CRISIL Gilt,2026-03-09,270.16369945548945
CRISIL Gilt,2026-03-10,271.02304461853896
CRISIL Gilt,2026-03-11,271.15344370518164
CRISIL Gilt,2026-03-12,271.01723664713217
CRISIL Gilt,2026-03-13,271.4230687973755
CRISIL Gilt,2026-03-16,273.26566369520884
CRISIL Gilt,2026-03-17,272.16384804665114
CRISIL Gilt,2026-03-18,271.7750416829922
CRISIL Gilt,2026-03-19,271.47985702318323
CRISIL Gilt,2026-03-20,271.35760629931053
CRISIL Gilt,2026-03-23,271.0805733344943
CRISIL Gilt,2026-03-24,271.09264043492726
CRISIL Gilt,2026-03-25,271.273076029271
CRISIL Gilt,2026-03-26,269.4695870759871
CRISIL Gilt,2026-03-27,270.44979727500584
CRISIL Gilt,2026-03-30,271.7351737197404
CRISIL Gilt,2026-03-31,271.1375519169321
CRISIL Gilt,2026-04-01,271.430958410563
CRISIL Gilt,2026-04-02,270.5982242471642
CRISIL Gilt,2026-04-03,270.03043954490505
CRISIL Gilt,2026-04-06,268.7542926271582
CRISIL Gilt,2026-04-07,268.950457070842
CRISIL Gilt,2026-04-08,270.19278953600207
CRISIL Gilt,2026-04-09,270.772459753985
CRISIL Gilt,2026-04-10,270.36004910793764
CRISIL Gilt,2026-04-13,271.45512022746806
CRISIL Gilt,2026-04-14,272.07294003462323
CRISIL Gilt,2026-04-15,273.2206662486843
CRISIL Gilt,2026-04-16,273.4679385496662
CRISIL Gilt,2026-04-17,272.5469592646605
CRISIL Gilt,2026-04-20,271.67103585360786
CRISIL Gilt,2026-04-21,273.10604814307544
CRISIL Gilt,2026-04-22,273.2757146049576
CRISIL Gilt,2026-04-23,274.65764093402464
CRISIL Gilt,2026-04-24,274.20829938700984
CRISIL Gilt,2026-04-27,274.5638894222423
CRISIL Gilt,2026-04-28,273.8864301670277
CRISIL Gilt,2026-04-29,272.76584530135165
CRISIL Gilt,2026-04-30,273.3600522733436
CRISIL Gilt,2026-05-01,274.4355973939246
CRISIL Gilt,2026-05-04,274.66595800155113
CRISIL Gilt,2026-05-05,273.33371513651804
CRISIL Gilt,2026-05-06,270.4650944580845
CRISIL Gilt,2026-05-07,271.38254615353657
CRISIL Gilt,2026-05-08,270.6419940520675
CRISIL Gilt,2026-05-11,268.5981903322744
CRISIL Gilt,2026-05-12,267.8353558639501
CRISIL Gilt,2026-05-13,268.26416848953164
CRISIL Gilt,2026-05-14,268.19937653157814
CRISIL Gilt,2026-05-15,268.77921205299265
CRISIL Gilt,2026-05-18,269.6745680619491
CRISIL Gilt,2026-05-19,270.7732894893292
CRISIL Gilt,2026-05-20,270.59274595858
CRISIL Gilt,2026-05-21,270.634013186201
CRISIL Gilt,2026-05-22,270.9216284198007
CRISIL Gilt,2026-05-25,271.93622411399224
CRISIL Gilt,2026-05-26,271.5451955862745
CRISIL Gilt,2026-05-27,269.73182852050303
CRISIL Gilt,2026-05-28,270.93657980065245
CRISIL Gilt,2026-05-29,271.0389121383603
